financial_year,country_of_origin,rejection_count,rejected_items,source_file,stage
2021-22,AFGHANISTAN,2,DRY APRICOTS,2021-2022.pdf,Laboratory Stage (Safety/ Quality parameters)
2021-22,ARGENTINA,2,CONCENTRATED CLARIFIED LEMON JUICE,2021-2022.pdf,Laboratory Stage (Safety/ Quality parameters)
2021-22,AUSTRALIA,14,BLACK OPS WAR HAMMER PEACH ORANGE FRESH NAVEL ORANGES CHOCOLATE CADBURY DAIRY MILK OREO,2021-2022.pdf,Laboratory Stage (Safety/ Quality parameters)
2021-22,BELGIUM,5,BRAZIL/ARABICA COFFEE DIAMOND NATURAL (GREEN COFFIEE=NOT ROASTED) FRESH APPLE FROZEN PORK BELLY RIND ON FROZEN PORK SHOULDER BONELESS FRUIT FILLING STRAWBERRY,2021-2022.pdf,Laboratory Stage (Safety/ Quality parameters)
2021-22,BRAZIL,1,FRESH APPLE,2021-2022.pdf,Laboratory Stage (Safety/ Quality parameters)
2021-22,CAMBODIA,1,BETELNUT PRODUCT,2021-2022.pdf,Laboratory Stage (Safety/ Quality parameters)
2021-22,CHILE,17,APPLE FRESH ORANGE RICE FLAKES,2021-2022.pdf,Laboratory Stage (Safety/ Quality parameters)
2021-22,CHINA,24,BEET ROOT EXTRACT BETA CAROTENE 20% OIL SUSPENSION BUBBLE GUM COPPER CHLOROPHYIL 95% DRIED PAPAYA DICE DRIED PEACH FRESH GRAPES FRESH GRAPES GINGER SPRONT GOLDEN BERRY JASMINE JUICE KONBU DASHI NATURAL BETA CAROTENE 20% CWS Import Rejection Data for FY 2021-22 at Laboratory Stage (Safety/ Quality parameters) NOSTIMO MUSHROOM OMEGA FISH LIPID OIL PICKLED RADISH) PINEAPPLE DICE PITTED PRUNE PREMIUM DARK SOY SAUCE ROASTED SEAWEED SUSHI NORI) SOYA BEAN PASTE SUSHI GINGER (PINK) VINEGAR,2021-2022.pdf,Laboratory Stage (Safety/ Quality parameters)
2021-22,COMOROS,1,COMOROS CLOVES,2021-2022.pdf,Laboratory Stage (Safety/ Quality parameters)
2021-22,EGYPT,1,DEHYDRATED PARSLEY FLAKES,2021-2022.pdf,Laboratory Stage (Safety/ Quality parameters)
2021-22,FRANCE,7,ALMOND OIL BITTER ORANGE MARMALADE BRANDY PASSTON BULGAR WHEAT TIPIAK INDE WINE LDV CHARLES ROUX VMCC RO BR SPARKLING WINE CHARLES ROUX ROSE BRUT 11.5% LIQUEUR FAUCONNIER TRIPLE SEC (12 X 750ML) (LIQUEUR),2021-2022.pdf,Laboratory Stage (Safety/ Quality parameters)
2021-22,GERMANY,11,"FITLINE RESTORATE A 30 SACHETS (NUTRITION SUPPLIES HOP - HOP PELLETS HOPSTEINER-ISOMERIZED PELLETS HVG PELLETS - (HOP PELLETS) TYPE 90, RED FRUIT IQF CHILLIES WONDER HOT SPECIAL B DINGEM CHANRGENNUMMER",2021-2022.pdf,Laboratory Stage (Safety/ Quality parameters)
2021-22,INDONESIA,2,NATURAL COCOA POWDER Import Rejection Data for FY 2021-22 at Laboratory Stage (Safety/ Quality parameters) TOMATO KETCHUP SEASONING FLAVOR,2021-2022.pdf,Laboratory Stage (Safety/ Quality parameters)
2021-22,IRAN,66,ALMOND IN SHELL ALMOND KERNEL DRIED PRUNES IRANIAN MAZAFATI DATES WET DATES,2021-2022.pdf,Laboratory Stage (Safety/ Quality parameters)
2021-22,IRELAND,1,BAILEYS ORIG [LIQUEUR],2021-2022.pdf,Laboratory Stage (Safety/ Quality parameters)
2021-22,ISRAEL,2,CLEAR ORANGE CONCENTRATE ORANGE CONCENTRATE,2021-2022.pdf,Laboratory Stage (Safety/ Quality parameters)
2021-22,ITALY,7,BELA ROSATO TERRE DI CHIETI CAPERS WITH STEM IN VINEGAR EXTRA VIRGIN OLIVE OIL GLAZE WITH BALSAMIC VINEGAR OF MODENA MUST CAPSULE ALU NP CAMPIONATURA PIZZA SAUCE ROSATO TERRE DI CHIETI I.G.P. FISHING CAT,2021-2022.pdf,Laboratory Stage (Safety/ Quality parameters)
2021-22,JAPAN,3,FROZEN COOKED FLYING FISH ROE BLACK ROKU GIN ( THE YAMAZAKI DISTILLER''''S RESERVE SINGLE MALT JAPANESE WHISKY,2021-2022.pdf,Laboratory Stage (Safety/ Quality parameters)
2021-22,LITHUANIA,3,DAVIDOFF COFFEE INSTANT ESPRESSO,2021-2022.pdf,Laboratory Stage (Safety/ Quality parameters)
2021-22,MADAGASCAR,3,BLACK EYE BEAN - RAW PULSES FOR FURTHER PROCESSING CLOVES,2021-2022.pdf,Laboratory Stage (Safety/ Quality parameters)
2021-22,MALAWI,1,PIGEON PEA (TOOR WHOLE),2021-2022.pdf,Laboratory Stage (Safety/ Quality parameters)
2021-22,MEXICO,2,CHIPOTLE CHILI DRIED WHOLE HERSHEY MINIATURES,2021-2022.pdf,Laboratory Stage (Safety/ Quality parameters)
2021-22,MOZAMBIQUE,2,COW PEA - RAW PULSES FOR FURTHER PROCESSING,2021-2022.pdf,Laboratory Stage (Safety/ Quality parameters)
2021-22,MYANMAR,3,API SUPARI SPECIAL QUALITY ( BOILED BETEL NUT PRODUCT) Import Rejection Data for FY 2021-22 at Laboratory Stage (Safety/ Quality parameters),2021-2022.pdf,Laboratory Stage (Safety/ Quality parameters)
2021-22,NETHERLANDS,5,KOSHER NATURAL VINEGAR 23% SMOKED CHEESE BLACK PEPPER ROLL AVOCADO FRESH FRUIT FRESH APPLE PREMIUM EXTRA FINE WHITE SUGAR,2021-2022.pdf,Laboratory Stage (Safety/ Quality parameters)
2021-22,POLAND,5,"BELVEDERE PURE V2 IA GUALA CHOCOLATE CADBURY DAIRY MILK FRESH APPLE PROCESSED CHEESE, GOUDA CHEESE SLICES",2021-2022.pdf,Laboratory Stage (Safety/ Quality parameters)
2021-22,PORTUGAL,3,FRESH APPLE,2021-2022.pdf,Laboratory Stage (Safety/ Quality parameters)
2021-22,SAUDI ARABIA,4,DATES,2021-2022.pdf,Laboratory Stage (Safety/ Quality parameters)
2021-22,SOUTH AFRICA,4,SAUCE (USED AS CULINARY SAUCE/PASTE) CHARDONNAY WHITE WINE,2021-2022.pdf,Laboratory Stage (Safety/ Quality parameters)
2021-22,SOUTH KOREA,4,KOREAN CLASSIC HOT SAUCE SEASONED SEAWEED LARGE WITH OLIVE OIL & GREEN TEA POWDER,2021-2022.pdf,Laboratory Stage (Safety/ Quality parameters)
2021-22,SPAIN,8,"CHEESE (GOAT) MAR BLUE BASED DRINK WINE DRY 10% ALC VOL MARE ENG ALC 42.7 %, GIN PITTED GREEN OLIVES SHERRY VINEGAR SLICED BLACK OLIVES SPANISH SAFFRON",2021-2022.pdf,Laboratory Stage (Safety/ Quality parameters)
2021-22,SRI LANKA,35,SRI LANKAN AREA NUTS DESICATTED COCONUT PORK STREAKY BACON SRI LANKA CLOVES SRILANKAN MACE Import Rejection Data for FY 2021-22 at Laboratory Stage (Safety/ Quality parameters),2021-2022.pdf,Laboratory Stage (Safety/ Quality parameters)
2021-22,SUDAN,1,SUDANESE PIGEON PEAS (TOOR),2021-2022.pdf,Laboratory Stage (Safety/ Quality parameters)
2021-22,TANZANIA,3,ARECA NUTS ( BETAL NUTS ) PIGEON PEA (TOOR WHOLE),2021-2022.pdf,Laboratory Stage (Safety/ Quality parameters)
2021-22,THAILAND,17,BSD FRUIT FLAVOUR (BASIL SEED DRINKS) COCOCNUT FLOWER VINEGAR LYCHEE JUICE WITH NATA DE COCO MANGO JUICE WITH NATA DE COCO NOOMURI DBS MIX FRUIT POWDER DRINK PICKLED GINGER IN VINEGAR PINEAPPLE SLICE RAAVI NON VEG OYSTER SAUCE RAAVI LIGHT SOY SAUCE RAAVI TERIYAKI SAUCE SA500 CARAMEL IN MIPL SUGAR BOILED CONFECTIONERY - JELICIOUS JELLY,2021-2022.pdf,Laboratory Stage (Safety/ Quality parameters)
2021-22,TOGO,1,NON GMO SOYBEAN,2021-2022.pdf,Laboratory Stage (Safety/ Quality parameters)
2021-22,TUNISIA,1,TUNISIAN WET DATES,2021-2022.pdf,Laboratory Stage (Safety/ Quality parameters)
2021-22,TURKEY,82,DRIED APRICOTS APPLE SUGAR PASTE MAROON,2021-2022.pdf,Laboratory Stage (Safety/ Quality parameters)
2021-22,VIETNAM,14,CASSIA (PRESSED) COCONUT OIL MEAL SOLVENT EXTRACT (DEFATTED) JELLY JUICE - MANGO JUICE SPLIT CASSIA VIETNAM BLACK TEA WHOLE STAR ANISE,2021-2022.pdf,Laboratory Stage (Safety/ Quality parameters)
2022-23,AFGHANISTAN,4, Melon seeds & Dry Apricot,2022-2023.pdf,Laboratory Stage (Safety/ Quality parameters)
2022-23,ARGENTINA,1, Grape Wine,2022-2023.pdf,Laboratory Stage (Safety/ Quality parameters)
2022-23,ARMENIA,5, Brandy  Grape wine,2022-2023.pdf,Laboratory Stage (Safety/ Quality parameters)
2022-23,AUSTRALIA,11, Nutraceutical  Alcoholic beverages  Flours and starches,2022-2023.pdf,Laboratory Stage (Safety/ Quality parameters)
2022-23,AUSTRIA,1, Non-alcoholic caffeinated beverages,2022-2023.pdf,Laboratory Stage (Safety/ Quality parameters)
2022-23,BELGIUM,14, Fruit fillings for pastries  Fresh Fruits  Additive  Alcoholic beverages - Beer  Frozen Pork or Pig Meat,2022-2023.pdf,Laboratory Stage (Safety/ Quality parameters)
2022-23,BENIN,1, Soybean,2022-2023.pdf,Laboratory Stage (Safety/ Quality parameters)
2022-23,BRAZIL,6, Sugar-boiled confectionery  Frozen concentrated juice,2022-2023.pdf,Laboratory Stage (Safety/ Quality parameters)
2022-23,BULGARIA,1, Cookies,2022-2023.pdf,Laboratory Stage (Safety/ Quality parameters)
2022-23,CANADA,1, Edible Lactose,2022-2023.pdf,Laboratory Stage (Safety/ Quality parameters)
2022-23,CHILE,7, Grape wines  Processed fruit,2022-2023.pdf,Laboratory Stage (Safety/ Quality parameters)
2022-23,CHINA,60," Confectionery  Seasonings and condiments  Vinegar  Dried fruit, nuts and seeds  Canned or bottled  Dried vegetables  Processed vegetables  Fine bakery wares  Chilli Sauce  Chillies and Capsicum (Lal Mirchi)  Culinary Pastes  Frozen Vegetables  Lactic Acid INS 270  Papad  Tea  Wafer Biscuit  Water-based flavoured drinks  Bilberry extract Import Rejection Data for FY 2022-23 at Laboratory Stage (Safety/ Quality parameters)",2022-2023.pdf,Laboratory Stage (Safety/ Quality parameters)
2022-23,COMOROS,2, Cloves (Laung),2022-2023.pdf,Laboratory Stage (Safety/ Quality parameters)
2022-23,ESTONIA,1, Whisky,2022-2023.pdf,Laboratory Stage (Safety/ Quality parameters)
2022-23,FRANCE,28," Alcoholic beverages,  Whisky or Whiskey  Grape Wine  Dried vegetables  Cheese and analogues  Fruit Pulp/Puree with Preservatives for Industrial Use only  Ice Cream, Kulfi, Chocolate Ice Cream, Softy Ice-Cream, Milk Ice, Milk Lolly and Dried Ice Cream Mix  Non-alcoholic beverages",2022-2023.pdf,Laboratory Stage (Safety/ Quality parameters)
2022-23,GEORGIA,2, Grape Wine,2022-2023.pdf,Laboratory Stage (Safety/ Quality parameters)
2022-23,GERMANY,9," Processed vegetables, seaweeds, and nuts and seeds  Cocoa and chocolate products  Basmati Rice  Grape Wine",2022-2023.pdf,Laboratory Stage (Safety/ Quality parameters)
2022-23,GHANA,1," Dried fruit, nuts and seeds",2022-2023.pdf,Laboratory Stage (Safety/ Quality parameters)
2022-23,HUNGARY,1, Food supplements,2022-2023.pdf,Laboratory Stage (Safety/ Quality parameters)
2022-23,INDONESIA,15," Dried fruit, nuts and seeds  Fermented vegetable and seaweed products  Cakes, cookies and pies  Cocoa Powder  Mace (Jaipatri)  Papad  SOYBEAN SAUCE",2022-2023.pdf,Laboratory Stage (Safety/ Quality parameters)
2022-23,IRAN,44," Dried fruit, nuts and seeds  Asafoetida (Hing or Hingra)  Fresh Fruit  Wheat Protein Products including Wheat Gluten",2022-2023.pdf,Laboratory Stage (Safety/ Quality parameters)
2022-23,IRAQ,10," Dried fruit, nuts and seeds",2022-2023.pdf,Laboratory Stage (Safety/ Quality parameters)
2022-23,IRELAND,1, Cheddar Cheese,2022-2023.pdf,Laboratory Stage (Safety/ Quality parameters)
2022-23,ITALY,40," Vinegar  Frozen pork meat  Coffee, coffee substitutes, tea, herbal infusions, and other hot cereal and grain beverages  Fresh vegetables, seaweeds and nuts and seeds  Processed vegetables  Alcoholic beverages, including alcohol-free and low- alcoholic counterparts  Candied fruit  Coriander (Dhania)  Culinary Sauce  Grape Wine  Low Alcoholic Beverage  Olive oil  ble Olives Import Rejection Data for FY 2022-23 at Laboratory Stage (Safety/ Quality parameters)  Thermally Processed Tomato Puree and Paste  Wafer Biscuit",2022-2023.pdf,Laboratory Stage (Safety/ Quality parameters)
2022-23,JAPAN,7, Processed fish and fish products  Dried pastas and noodles and like products  Fat emulsions  SOYBEAN SAUCE  Whisky,2022-2023.pdf,Laboratory Stage (Safety/ Quality parameters)
2022-23,LITHUANIA,2, Vodka –,2022-2023.pdf,Laboratory Stage (Safety/ Quality parameters)
2022-23,MADAGASCAR,4, Pulses  Cloves (Laung),2022-2023.pdf,Laboratory Stage (Safety/ Quality parameters)
2022-23,MALAWI,1, Unprocessed whole raw pulses,2022-2023.pdf,Laboratory Stage (Safety/ Quality parameters)
2022-23,MALAYSIA,13, Confectionery  Water-based flavoured drinks  Breads and rolls  Chilli Sauce  Coffee  Fruit-based desserts  Green Tea  Synthetic Syrup,2022-2023.pdf,Laboratory Stage (Safety/ Quality parameters)
2022-23,MAURITIUS,1," Alcoholic beverages, including alcohol-free and low- alcoholic counterparts",2022-2023.pdf,Laboratory Stage (Safety/ Quality parameters)
2022-23,MEXICO,2, Cocoa and chocolate products  Distilled spirituous beverages containing more than 15% alcohol,2022-2023.pdf,Laboratory Stage (Safety/ Quality parameters)
2022-23,MOZAMBIQUE,1, Pulses,2022-2023.pdf,Laboratory Stage (Safety/ Quality parameters)
2022-23,MYANMAR,5," Pulses  Dried fruit, nuts and seeds",2022-2023.pdf,Laboratory Stage (Safety/ Quality parameters)
2022-23,NETHERLANDS,7," Confectionery  Infant formulae, follow-on formulae, and formulae for special medical purposes for infants  Cakes, cookies and pies  Fine bakery wares (sweet, salty, savoury) and mixes  Culinary Sauce",2022-2023.pdf,Laboratory Stage (Safety/ Quality parameters)
2022-23,NEW ZEALAND,1, Grape Wine,2022-2023.pdf,Laboratory Stage (Safety/ Quality parameters)
2022-23,NIGER,1, Soybean,2022-2023.pdf,Laboratory Stage (Safety/ Quality parameters)
2022-23,NIGERIA,2, Macaroni Products,2022-2023.pdf,Laboratory Stage (Safety/ Quality parameters)
2022-23,NORWAY,1, Processed fish and fish products,2022-2023.pdf,Laboratory Stage (Safety/ Quality parameters)
2022-23,OMAN,2," Cocoa and chocolate products  Cakes, cookies and pies",2022-2023.pdf,Laboratory Stage (Safety/ Quality parameters)
2022-23,PHILIPPINES,1, Processed fruit,2022-2023.pdf,Laboratory Stage (Safety/ Quality parameters)
2022-23,POLAND,6, Concentrates of fruit juices  Fresh Fruit (Apples – Pesticide Spiromesifen & Cyrodinil above MRL)  Vodka,2022-2023.pdf,Laboratory Stage (Safety/ Quality parameters)
2022-23,SAUDI ARABIA,2," Dried fruit, nuts and seeds Import Rejection Data for FY 2022-23 at Laboratory Stage (Safety/ Quality parameters)  Fat emulsions",2022-2023.pdf,Laboratory Stage (Safety/ Quality parameters)
2022-23,SINGAPORE,1, SOYBEAN SAUCE,2022-2023.pdf,Laboratory Stage (Safety/ Quality parameters)
2022-23,SOUTH AFRICA,5," Herbs, spices, seasonings, and condiments  Wine  Fresh Fruit",2022-2023.pdf,Laboratory Stage (Safety/ Quality parameters)
2022-23,SOUTH KOREA,11," Seasonings and condiments  Herbs, spices, seasonings, and condiments  Alcoholic beverages  Jams, jellies, marmalades, fruit bar/toffee and fruit cheese  Culinary Sauce Macaroni Products (Instant noodle)  Mineral water",2022-2023.pdf,Laboratory Stage (Safety/ Quality parameters)
2022-23,SPAIN,15," Processed vegetables  Grape Wine,  Olive oil  Thermally Processed Fruit Beverages",2022-2023.pdf,Laboratory Stage (Safety/ Quality parameters)
2022-23,SRI LANKA,16," Processed meat, and poultry products in whole pieces or cuts  Dried fruit, nuts and seeds  Processed vegetables  BLACK, WHITE & GREEN PEPPERS  Cloves (Laung)  Nutmeg (Jaiphal)  Turmeric (Haldi)",2022-2023.pdf,Laboratory Stage (Safety/ Quality parameters)
2022-23,SUDAN,2," Dried fruit, nuts and seeds  Soybean",2022-2023.pdf,Laboratory Stage (Safety/ Quality parameters)
2022-23,SWITZERLAND,3, Dairy products and analogues  Non-alcoholic caffeinated beverages  Confectionery,2022-2023.pdf,Laboratory Stage (Safety/ Quality parameters)
2022-23,TAIWAN,3," Jams, jellies, marmalades, fruit bar/toffee and fruit cheese  Cassava or Tapioca product",2022-2023.pdf,Laboratory Stage (Safety/ Quality parameters)
2022-23,TANZANIA,2, Pulses,2022-2023.pdf,Laboratory Stage (Safety/ Quality parameters)
2022-23,THAILAND,41," Fruit and vegetable juices  Fresh vegetables  Vegetables in vinegar, oil, brine, or soybean sauce Fermented vegetable  Processed vegetables  Beer  Confectionary  Chilli Sauce  Soybean Sauce  Culinary Pastes  Culinary Sauce  Ice Cream Mix  Macaroni Products",2022-2023.pdf,Laboratory Stage (Safety/ Quality parameters)
2022-23,TURKEY,90," Dried fruit, nuts and seeds  Canned or bottled (pasteurized) fruit Import Rejection Data for FY 2022-23 at Laboratory Stage (Safety/ Quality parameters)  Jams, jellies, marmalades, fruit bar/toffee and fruit cheese  Decorations  Water-based flavoured drinks",2022-2023.pdf,Laboratory Stage (Safety/ Quality parameters)
2022-23,VIETNAM,20, Fruit juices  Coconut water with pulp  Cassia (Taj)  Cocoa Products  Rice  STAR ANISE,2022-2023.pdf,Laboratory Stage (Safety/ Quality parameters)
2023-24,AFGHANISTAN,1, Asafoetida,2023-2024.pdf,Laboratory Stage (Safety/ Quality parameters)
2023-24,ARGENTINA,1, Apples,2023-2024.pdf,Laboratory Stage (Safety/ Quality parameters)
2023-24,AUSTRALIA,8, Food supplements  Almond Beverages  Almonds,2023-2024.pdf,Laboratory Stage (Safety/ Quality parameters)
2023-24,BANGLADESH,1, Arecanut,2023-2024.pdf,Laboratory Stage (Safety/ Quality parameters)
2023-24,BELGIUM,2, Fresh Fruit & Purees Cranberry  Frozen Pork or Pig Meat,2023-2024.pdf,Laboratory Stage (Safety/ Quality parameters)
2023-24,BRAZIL,4, Apples  Frozen Pork,2023-2024.pdf,Laboratory Stage (Safety/ Quality parameters)
2023-24,CHILE,2, Cherry  Walnuts,2023-2024.pdf,Laboratory Stage (Safety/ Quality parameters)
2023-24,CHINA,28, Confectionery  Dried papaya diced  Dried Plum  Dried rosemary plum  Dehydrated Strawberry  Dehydrated Fruit peach  Candied Fruit peach  Candied plum fruit  Roasted seaweed  Canned mushroom  Dried fungus  Medicinal herbs  Grapes  Flavoured drinks  Jam  Chillies  Seaweed  Sushi  Wasabi powder,2023-2024.pdf,Laboratory Stage (Safety/ Quality parameters)
2023-24,EGYPT,2, Dehydrated Parsely  Olives in Brine,2023-2024.pdf,Laboratory Stage (Safety/ Quality parameters)
2023-24,FINLAND,1, Hempseed oil,2023-2024.pdf,Laboratory Stage (Safety/ Quality parameters)
2023-24,FRANCE,4, Flavoured syrup  Unsalted butter  Tequila,2023-2024.pdf,Laboratory Stage (Safety/ Quality parameters)
2023-24,GERMANY,4, Crude oil  Tequila  Chocolate products  Seasonings,2023-2024.pdf,Laboratory Stage (Safety/ Quality parameters)
2023-24,GREECE,1, Olives,2023-2024.pdf,Laboratory Stage (Safety/ Quality parameters)
2023-24,INDONESIA,9, Cocoa Powder Import Rejection Data for FY 2023-24 at Laboratory Stage (Safety/ Quality parameters)  Cocoa butter,2023-2024.pdf,Laboratory Stage (Safety/ Quality parameters)
2023-24,IRAN,19, Fresh Fruit- Apples  Cherry  Plum  Wet dates,2023-2024.pdf,Laboratory Stage (Safety/ Quality parameters)
2023-24,IRAQ,2, Wet dates,2023-2024.pdf,Laboratory Stage (Safety/ Quality parameters)
2023-24,ITALY,9, Sauce  Confectionery  Wine  Powder Gum,2023-2024.pdf,Laboratory Stage (Safety/ Quality parameters)
2023-24,JAPAN,4, Fish body oil  Seaweed,2023-2024.pdf,Laboratory Stage (Safety/ Quality parameters)
2023-24,MADAGASCAR,2, Cloves (Laung),2023-2024.pdf,Laboratory Stage (Safety/ Quality parameters)
2023-24,MALAYSIA,12, Water-based flavoured drinks  Oyster Sauce,2023-2024.pdf,Laboratory Stage (Safety/ Quality parameters)
2023-24,MEXICO,2, Tequila,2023-2024.pdf,Laboratory Stage (Safety/ Quality parameters)
2023-24,MYANMAR,1, Pulses,2023-2024.pdf,Laboratory Stage (Safety/ Quality parameters)
2023-24,NETHERLANDS,7," Infant formulae, follow-on formulae, and formulae for special medical purposes for infants  Culinary Sauce  Cheese",2023-2024.pdf,Laboratory Stage (Safety/ Quality parameters)
2023-24,NEW ZEALAND,4, Frozen meat,2023-2024.pdf,Laboratory Stage (Safety/ Quality parameters)
2023-24,NIGER,1, Soybean,2023-2024.pdf,Laboratory Stage (Safety/ Quality parameters)
2023-24,NIGERIA,2, Fresh vegetables,2023-2024.pdf,Laboratory Stage (Safety/ Quality parameters)
2023-24,PERU,1, Frozen Chilli,2023-2024.pdf,Laboratory Stage (Safety/ Quality parameters)
2023-24,POLAND,3, Fresh Apples,2023-2024.pdf,Laboratory Stage (Safety/ Quality parameters)
2023-24,SAUDI ARABIA,8, Dates,2023-2024.pdf,Laboratory Stage (Safety/ Quality parameters)
2023-24,SERBIA,1, Fresh Apple,2023-2024.pdf,Laboratory Stage (Safety/ Quality parameters)
2023-24,SINGAPORE,5, Follow-up Formulae  Soya sauce,2023-2024.pdf,Laboratory Stage (Safety/ Quality parameters)
2023-24,SOUTH AFRICA,3, Sauce,2023-2024.pdf,Laboratory Stage (Safety/ Quality parameters)
2023-24,SOUTH KOREA,5, Seaweed  Sushi  Beverages,2023-2024.pdf,Laboratory Stage (Safety/ Quality parameters)
2023-24,SPAIN,11, Biscuits  Cheese  Beverage  Olives  Meat  Oil,2023-2024.pdf,Laboratory Stage (Safety/ Quality parameters)
2023-24,SRI LANKA,8, Arecanut  Seaweed  Desiccated Coconut  Pepper  Vanaspati Import Rejection Data for FY 2023-24 at Laboratory Stage (Safety/ Quality parameters),2023-2024.pdf,Laboratory Stage (Safety/ Quality parameters)
2023-24,SUDAN,1, Gum Arabic Dust,2023-2024.pdf,Laboratory Stage (Safety/ Quality parameters)
2023-24,SWITZERLAND,1, Chocolate,2023-2024.pdf,Laboratory Stage (Safety/ Quality parameters)
2023-24,TAIWAN,2, Black Tapioca Pearl  Taro powder,2023-2024.pdf,Laboratory Stage (Safety/ Quality parameters)
2023-24,THAILAND,18, Infant Formula  Cantalope powder  Coconut cream  Crude palm oil  Dehydrated fruit mix  Soya sauce  Flavoured beverages/ Fruit syrups  Pickled ginger  Fruits  Curry paste  Corn snack,2023-2024.pdf,Laboratory Stage (Safety/ Quality parameters)
2023-24,TUNISIA,1, Dates,2023-2024.pdf,Laboratory Stage (Safety/ Quality parameters)
2023-24,TURKEY,27, Dried figs  Decorations  Fresh Fruit – Apples,2023-2024.pdf,Laboratory Stage (Safety/ Quality parameters)
2023-24,VIETNAM,8, Cassia (Taj)  Coconut water  Green pepper  Cinnamon  STAR ANISE,2023-2024.pdf,Laboratory Stage (Safety/ Quality parameters)
