PRODUCT,DEFECT,METHOD,ACTION_LEVEL,SOURCE_DOCUMENT,SOURCE_TABLE
"Allspice, Ground",Insect Filth,AOAC 981.21,Average of 30 or more insect fragments per 10 grams,Food Defect Levels Handbook _ FDA.html,Table 0 (General Foods)
"Allspice, Ground",Rodent filth,AOAC 981.21,Average of 1 or more rodent hairs per 10 grams,Food Defect Levels Handbook _ FDA.html,Table 0 (General Foods)
"Allspice, Whole",Mold,MPM-V32,Average of 5% or more berries by weight are moldy,Food Defect Levels Handbook _ FDA.html,Table 0 (General Foods)
Apple Butter,Mold,AOAC 975.51,Average of mold count is 12% or more,Food Defect Levels Handbook _ FDA.html,Table 0 (General Foods)
Apple Butter,Rodent filth,AOAC 945.76,Average of 4 or more rodent hairs per 100 grams of apple butter,Food Defect Levels Handbook _ FDA.html,Table 0 (General Foods)
Apple Butter,Insects,AOAC 945.76,"Average of 5 or more whole or equivalent insects (not counting mites, aphids, thrips, or scale insects) per 100 grams of apple butter",Food Defect Levels Handbook _ FDA.html,Table 0 (General Foods)
"Apricots, Canned",Insect filth,MPM-V51,Average of 2% or more by count has been damaged or infected by insects,Food Defect Levels Handbook _ FDA.html,Table 0 (General Foods)
"Asparagus, Canned or Frozen",Insect filth,MPM-V93,10% by count of spears or pieces are infested with 6 or more attached asparagus beetle eggs and/or sacs,Food Defect Levels Handbook _ FDA.html,Table 0 (General Foods)
"Asparagus, Canned or Frozen",Insects,MPM-V93,Asparagus contains an average of 40 or more thrips per 100 grams OR Insects (whole or equivalent) of 3mm or longer have an average aggregate length of 7mm or longer per 100 grams of asparagus,Food Defect Levels Handbook _ FDA.html,Table 0 (General Foods)
Bay (Laurel) Leaves,Mold (MPM-V32 ) *,,Average of 5% or more pieces by weight are moldy,Food Defect Levels Handbook _ FDA.html,Table 0 (General Foods)
Bay (Laurel) Leaves,Insect filth,MPM-V32,Average of 5% or more pieces by weight are insect-infested,Food Defect Levels Handbook _ FDA.html,Table 0 (General Foods)
Bay (Laurel) Leaves,Mammalian excreta,MPM-V32,Average of 1 mg or more mammalian excreta per pound after processing,Food Defect Levels Handbook _ FDA.html,Table 0 (General Foods)
"Beets, Canned",Rot,,Average of 5% or more pieces by weight with dry rot,Food Defect Levels Handbook _ FDA.html,Table 0 (General Foods)
"Berries: Drupelet, Canned and Frozen (blackberries, raspberries, etc.)",Mold,AOAC 955.47,Average mold count is 60% or more,Food Defect Levels Handbook _ FDA.html,Table 0 (General Foods)
"Berries: Drupelet, Canned and Frozen (blackberries, raspberries, etc.)",Insects and larvae,AOAC 981.20,"Average of 4 or more larvae per 500 grams OR Average of 10 or more whole insects or equivalent per 500 grams (excluding thrips, aphids and mites)",Food Defect Levels Handbook _ FDA.html,Table 0 (General Foods)
"Berries: Lingon, Canned (European cranberry)",Insect larvae,MPM-V64,Average of 3 or more larvae per pound in a minimum of 12 subsamples,Food Defect Levels Handbook _ FDA.html,Table 0 (General Foods)
"Berries: Multer, Canned",Insects,MPM-V64,Average of 40 or more thrips per No.2 can in all subsamples and 20% of subsamples are materially infested,Food Defect Levels Handbook _ FDA.html,Table 0 (General Foods)
"Broccoli, Frozen",Insects and mites,AOAC 945.82,Average of 60 or more aphids and/or thrips and/or mites per 100 grams,Food Defect Levels Handbook _ FDA.html,Table 0 (General Foods)
"Brussels Sprouts, Frozen",Insects,MPM-V95,Average of 30 or more aphids and/or thrips per 100 grams,Food Defect Levels Handbook _ FDA.html,Table 0 (General Foods)
Capsicum Pods,Insect filth and/or mold,MPM-V32,Average of more than 3% of pods by weight are insect-infested and/or moldy,Food Defect Levels Handbook _ FDA.html,Table 0 (General Foods)
Capsicum Pods,Mammalian excreta,MPM-V32,Average of more than 1mg mammalian excreta per pound,Food Defect Levels Handbook _ FDA.html,Table 0 (General Foods)
Ground Capsicum (excluding paprika),Mold,AOAC 945.94,Average mold count is more than 20%,Food Defect Levels Handbook _ FDA.html,Table 0 (General Foods)
Ground Capsicum (excluding paprika),Insect filth,AOAC 978.22,Average of more than 50 insect fragments per 25 grams,Food Defect Levels Handbook _ FDA.html,Table 0 (General Foods)
Ground Capsicum (excluding paprika),Rodent filth,AOAC 978.22,Average of more than 6 rodent hairs per 25 grams,Food Defect Levels Handbook _ FDA.html,Table 0 (General Foods)
Ground Paprika,Mold,AOAC 945.94,Average mold count is more than 20%,Food Defect Levels Handbook _ FDA.html,Table 0 (General Foods)
Ground Paprika,Insect filth,AOAC 977.25B,Average of more than 75 insect fragments per 25 grams,Food Defect Levels Handbook _ FDA.html,Table 0 (General Foods)
Ground Paprika,Rodent filth,AOAC 977.25B,Average of more than 11 rodent hairs per 25 grams,Food Defect Levels Handbook _ FDA.html,Table 0 (General Foods)
"Cassia (or) Cinnamon Bark, Whole",Mold,MPM-V32,Average of 5% or more pieces by weight are moldy,Food Defect Levels Handbook _ FDA.html,Table 0 (General Foods)
"Cassia (or) Cinnamon Bark, Whole",Insect filth,MPM-V32,Average of 5% or more pieces by weight are insect-infested,Food Defect Levels Handbook _ FDA.html,Table 0 (General Foods)
"Cassia (or) Cinnamon Bark, Whole",Mammalian excreta,MPM-V32,Average of 1 mg or more mammalian excreta per pound,Food Defect Levels Handbook _ FDA.html,Table 0 (General Foods)
"Cinnamon, Ground",Insect filth,AOAC 968.38b,Average of 400 or more insect fragments per 50 gram,Food Defect Levels Handbook _ FDA.html,Table 0 (General Foods)
"Cinnamon, Ground",Rodent filth,AOAC 968.38b,Average of 11 or more rodent hairs per 50 grams,Food Defect Levels Handbook _ FDA.html,Table 0 (General Foods)
Cherries: Brined and Maraschino,Insect filth,MPM-V48,Average of 5% or more pieces are rejects due to maggots,Food Defect Levels Handbook _ FDA.html,Table 0 (General Foods)
"Cherries: Fresh, Canned, or Frozen",Rot,MPM-V48,Average of 7% or more pieces are rejects due to rot,Food Defect Levels Handbook _ FDA.html,Table 0 (General Foods)
"Cherries: Fresh, Canned, or Frozen",Insect filth,MPM-V48,Average of 4% or more pieces are rejects due to insects other than maggots,Food Defect Levels Handbook _ FDA.html,Table 0 (General Foods)
Cherry Jam,Mold,MPM-V61,Average mold count is 30% or more,Food Defect Levels Handbook _ FDA.html,Table 0 (General Foods)
Chocolate and Chocolate Liquor,Insect filth,AOAC 965.38,Average is 60 or more insect fragments per 100 grams when 6 100-gram subsamples are examined OR Any 1 subsample contains 90 or more insect fragments,Food Defect Levels Handbook _ FDA.html,Table 0 (General Foods)
Chocolate and Chocolate Liquor,Rodent filth,AOAC 965.38,Average is 1 or more rodent hairs per 100 grams in 6 100-gram subsamples examined OR Any 1 subsample contains 3 or more rodent hairs,Food Defect Levels Handbook _ FDA.html,Table 0 (General Foods)
Chocolate and Chocolate Liquor,Shell,AOAC 968.10-970.23,"For chocolate liquor, if the shell is in excess of 2% calculated on the basis of alkali-free nibs",Food Defect Levels Handbook _ FDA.html,Table 0 (General Foods)
"Citrus Fruit Juices, Canned",Mold,AOAC 970.75,Average mold count is 10% or more,Food Defect Levels Handbook _ FDA.html,Table 0 (General Foods)
"Citrus Fruit Juices, Canned",Insects and insect eggs,AOAC 970.72,5 or more Drosophila and other fly eggs per 250 ml or 1 or more maggots per 250 ml,Food Defect Levels Handbook _ FDA.html,Table 0 (General Foods)
Cloves,Stems,MPM-V32,Average of 5% or more stems by weight,Food Defect Levels Handbook _ FDA.html,Table 0 (General Foods)
Cocoa Beans,Mold,MPM-V18,More than 4% of beans by count are moldy,Food Defect Levels Handbook _ FDA.html,Table 0 (General Foods)
Cocoa Beans,Insect filth,MPM-V18,More than 4% of beans by count are insect-infested including insect-damaged,Food Defect Levels Handbook _ FDA.html,Table 0 (General Foods)
Cocoa Beans,Insect filth and/or mold,,More than 6% of beans by count are insect-infested or moldy NOTE: Level differs when both filth and mold are present,Food Defect Levels Handbook _ FDA.html,Table 0 (General Foods)
Cocoa Beans,Mammalian excreta,MPM-V18,Average of 10 mg or more mammalian excreta per pound,Food Defect Levels Handbook _ FDA.html,Table 0 (General Foods)
Cocoa Powder Press Cake,Insect filth,AOAC 965.38,Average of 75 or more insect fragments per subsample of 50 grams when 6 subsamples are examined OR Any 1 subsample contains 125 or more insect fragments,Food Defect Levels Handbook _ FDA.html,Table 0 (General Foods)
Cocoa Powder Press Cake,Rodent filth,AOAC 965.38,Average in 6 or more subsamples is 2 or more rodent hairs per subsample of 50 grams OR Any 1 subsample contains 4 or more rodent hairs,Food Defect Levels Handbook _ FDA.html,Table 0 (General Foods)
Cocoa Powder Press Cake,Shell,AOAC 968.10-970.23,2% or more shell calculated on the basis of alkali-free nibs.,Food Defect Levels Handbook _ FDA.html,Table 0 (General Foods)
"Coffee Beans, Graded Green",Grade defects,MPM-V6,Beans are poorer than Grade 8 of the New York Green Coffee Association,Food Defect Levels Handbook _ FDA.html,Table 0 (General Foods)
"Coffee Beans, Green",Insect filth and insects,MPM-V1,"Average 10% or more by count are insect-infested or insect-damaged Note: If live external infestation is present use the Compliance Policy Guide (CPG) titled "" Food Storage and Warehousing-Adulteration-Filth"" (CPG 580.100) in accordance with ""Interpretation of Insect Filth"" (CPG 555.600)",Food Defect Levels Handbook _ FDA.html,Table 0 (General Foods)
"Coffee Beans, Green",Mold,MPM-V1,Average of 10% or more beans by count are moldy,Food Defect Levels Handbook _ FDA.html,Table 0 (General Foods)
Condimental Seeds Other than Fennel Seeds and Sesame Seeds,Mammalian excreta,MPM-V32,Average of 3 mg or more of mammalian excreta per pound,Food Defect Levels Handbook _ FDA.html,Table 0 (General Foods)
"Corn: Sweet Corn, Canned",Insect larvae,AOAC 973.61,"Insect larvae (corn ear worms, corn borers) 2 or more 3mm or longer larvae, cast skins, larval or cast skin fragments of corn ear worms or corn borer and the aggregate length of such larvae, cast skins, larval or cast skin fragments exceeds 12 mm in 24 pounds (24 No. 303 cans or equivalent)",Food Defect Levels Handbook _ FDA.html,Table 0 (General Foods)
Corn Husks for Tamales,Insect filth,MPM-V115,Average of 5 % or more husks by weight are insect-infested (including insect-damaged),Food Defect Levels Handbook _ FDA.html,Table 0 (General Foods)
Corn Husks for Tamales,Mold,MPM-V115,Average of 5% or more husks by weight are moldy,Food Defect Levels Handbook _ FDA.html,Table 0 (General Foods)
Cornmeal,Insects,AOAC 981.19,Average of 1 or more whole insects (or equivalent) per 50 grams,Food Defect Levels Handbook _ FDA.html,Table 0 (General Foods)
Cornmeal,Insect filth,AOAC 981.19,Average of 25 or more insect fragments per 25 grams,Food Defect Levels Handbook _ FDA.html,Table 0 (General Foods)
Cornmeal,Rodent filth,AOAC 981.19,Average of 1 or more rodent hairs per 25 grams OR Average of 1 or more rodent excreta fragment per 50 grams,Food Defect Levels Handbook _ FDA.html,Table 0 (General Foods)
Cranberry Sauce,Mold,AOAC 970.76,Average mold count is more than 15% OR The mold count of any 1 subsample is more than 50%,Food Defect Levels Handbook _ FDA.html,Table 0 (General Foods)
Cumin Seed,Sand and grit,AOAC 975.48,Average of 9.5% or more ash and/or 1.5% or more acid insoluble ash,Food Defect Levels Handbook _ FDA.html,Table 0 (General Foods)
"Currant Jam, Black",Mold,MPM-V61,Average mold count is 75% or more,Food Defect Levels Handbook _ FDA.html,Table 0 (General Foods)
Currants,Insect filth,MPM-V53,"5% or more, by count, wormy in the average of the subsamples",Food Defect Levels Handbook _ FDA.html,Table 0 (General Foods)
Curry Powder,Insect filth,AOAC 975.48,Average of 100 or more insect fragments per 25 grams,Food Defect Levels Handbook _ FDA.html,Table 0 (General Foods)
Curry Powder,Rodent filth,AOAC 975.48,Average of 4 or more rodent hairs per 25 grams,Food Defect Levels Handbook _ FDA.html,Table 0 (General Foods)
"Date Material (Chopped, Sliced, (or) Macerated)",Insects,MPM-V53,10 or more dead insects (whole or equivalent) in 1 or more subsamples OR 5 or more dead insects (whole or equivalent) per 100 grams,Food Defect Levels Handbook _ FDA.html,Table 0 (General Foods)
"Date Material (Chopped, Sliced, (or) Macerated)",Pits,MPM-V53,2 or more pits and/or pit fragments 2 mm or longer measured in the longest dimension per 900 grams,Food Defect Levels Handbook _ FDA.html,Table 0 (General Foods)
"Dates, Pitted",Multiple,MPM-V53,"Average of 5% or more dates by count are rejects (moldy, dead insects, insect excreta, sour, dirty, and/or worthless) as determined by macroscopic sequential examination",Food Defect Levels Handbook _ FDA.html,Table 0 (General Foods)
"Dates, Pitted",Pits,MPM-V53,Average of 2 or more pits and/or pit fragments 2 mm or longer in the longest dimension per 100 dates,Food Defect Levels Handbook _ FDA.html,Table 0 (General Foods)
"Dates, Whole",Multiple,MPM-V53,"Average of 5% or more dates by count are rejects (moldy, dead insects, insect excreta, sour, dirty, and/or worthless) as determined by macroscopic sequential examination",Food Defect Levels Handbook _ FDA.html,Table 0 (General Foods)
"Eggs and Other Egg Products, Frozen",Decomposition,"AOAC 939.14, 940.36, 940.37",2 or more cans decomposed and at least 2 subsamples from decomposed cans have direct microscopic counts of 5 million or more bacteria per gram,Food Defect Levels Handbook _ FDA.html,Table 0 (General Foods)
Fennel Seed,Insects,MPM-V32,20% or more of subsamples contain insects,Food Defect Levels Handbook _ FDA.html,Table 0 (General Foods)
Fennel Seed,Mammalian excreta,MPM-V32,20% or more of subsamples contain mammalian excreta OR average of more than 3 mg of mammalian excreta per pound,Food Defect Levels Handbook _ FDA.html,Table 0 (General Foods)
Fig Paste,Insects,AOAC 964.23,Contains 13 or more insect heads per 100 grams of fig paste in each of 2 or more subsamples,Food Defect Levels Handbook _ FDA.html,Table 0 (General Foods)
Figs,Insect filth and/or mold and/or dirty fruit or pieces of fruit,MPM-V53,Average of 10% or more by count are insect-infested and/or moldy and/or dirty fruit or pieces of fruit,Food Defect Levels Handbook _ FDA.html,Table 0 (General Foods)
"Tullibees, Ciscoes, Inconnus, Chubs, and Whitefish",Parasites (cysts),MPM-V28,"50 parasitic cysts per 100 pounds (whole or fillets), provided that 20% of the fish examined are infested",Food Defect Levels Handbook _ FDA.html,Table 0 (General Foods)
Blue Fin and other Fresh Water Herring,Parasites (cysts),MPM-V28,"60 parasitic cysts per 100 fish (fish averaging 1 pound or less) or 100 pounds of fish averaging over 1 pound), provided that 20% of the fish examined are infested",Food Defect Levels Handbook _ FDA.html,Table 0 (General Foods)
Red Fish and Ocean Perch,Parasites (copepods),MPM-V28,3 % of the fillets examined contain 1 or more copepods accompanied by pus pockets,Food Defect Levels Handbook _ FDA.html,Table 0 (General Foods)
"Ginger, Whole",Insect filth and/or mold,MPM-V32,Average of 3% or more pieces by weight are insect-infested and/or moldy,Food Defect Levels Handbook _ FDA.html,Table 0 (General Foods)
"Ginger, Whole",Mammalian excreta,MPM-V32,Average of 3 mg or more of mammalian excreta per pound,Food Defect Levels Handbook _ FDA.html,Table 0 (General Foods)
"Greens, Canned",Mildew,AOAC 967.23,"Average of 10% or more of leaves, by count or weight, showing mildew over 1/2"" in diameter",Food Defect Levels Handbook _ FDA.html,Table 0 (General Foods)
Hops,Insects,AOAC 967.23,"Average of more than 2,500 aphids per 10 grams",Food Defect Levels Handbook _ FDA.html,Table 0 (General Foods)
Macaroni and Noodle Products,Insect filth,AOAC 969.41,Average of 225 insect fragments or more per 225 grams in 6 or more subsamples,Food Defect Levels Handbook _ FDA.html,Table 0 (General Foods)
Macaroni and Noodle Products,Rodent filth,AOAC 969.41,Average of 4.5 rodent hairs or more per 225 grams in 6 or more subsamples,Food Defect Levels Handbook _ FDA.html,Table 0 (General Foods)
Mace,Insect filth and/or mold,MPM-V32,Average of 3% or more pieces by weight are insect-infested and/or moldy,Food Defect Levels Handbook _ FDA.html,Table 0 (General Foods)
Mace,Mammalian excreta,MPM-V32,Average of 3 mg or more of mammalian excreta per pound,Food Defect Levels Handbook _ FDA.html,Table 0 (General Foods)
Mace,Foreign matter,MPM-V32,Average of 1.5% or more of foreign matter through a 20-mesh sieve,Food Defect Levels Handbook _ FDA.html,Table 0 (General Foods)
"Marjoram, Whole Plant, Unprocessed",Insect filth and/or mold,MPM-V32,Average of 5% or more pieces by weight are insect-infested or moldy,Food Defect Levels Handbook _ FDA.html,Table 0 (General Foods)
"Marjoram, Whole Plant, Unprocessed",Mammalian excreta,MPM-V32,Average of 1 mg or more mammalian excreta per pound,Food Defect Levels Handbook _ FDA.html,Table 0 (General Foods)
"Marjoram, Ground",Insect filth,AOAC 975.49,Average of 1175 or more insect fragments per 10 grams,Food Defect Levels Handbook _ FDA.html,Table 0 (General Foods)
"Marjoram, Ground",Rodent filth,AOAC 975.49,Average of 8 or more rodent hairs per 10 grams,Food Defect Levels Handbook _ FDA.html,Table 0 (General Foods)
"Marjoram, Unground",Insect filth,AOAC 985.39,Average of 250 or more insect fragments per 10 grams,Food Defect Levels Handbook _ FDA.html,Table 0 (General Foods)
"Marjoram, Unground",Rodent filth,AOAC 985.39,Average of 2 or more rodent hairs per 10 grams,Food Defect Levels Handbook _ FDA.html,Table 0 (General Foods)
"Mushrooms, Canned and Dried",Insects,AOAC 967.24,Average of over 20 or more maggots of any size per 100 grams of drained mushrooms and proportionate liquid or 15 grams of dried mushrooms OR Average of 5 or more maggots 2 mm or longer per 100 grams of drained mushrooms and proportionate liquid or 15 grams of dried mushrooms,Food Defect Levels Handbook _ FDA.html,Table 0 (General Foods)
"Mushrooms, Canned and Dried",Mites,AOAC 967.24,Average of 75 mites per 100 grams drained mushrooms and proportionate liquid or 15 grams of dried mushrooms,Food Defect Levels Handbook _ FDA.html,Table 0 (General Foods)
"Mushrooms, Canned and Dried",Decomposition,MPM-V100,Average of more than 10% of mushrooms are decomposed,Food Defect Levels Handbook _ FDA.html,Table 0 (General Foods)
"Nectars, Apricot, Peach and Pear",Mold,,Average mold count is 12% or more,Food Defect Levels Handbook _ FDA.html,Table 0 (General Foods)
"Nutmeg, Whole",Insect filth and/or mold,MPM-V41,Average of 10% or more pieces by count are insect-infested and/or moldy,Food Defect Levels Handbook _ FDA.html,Table 0 (General Foods)
"Nutmeg, Ground",Insect filth,AOAC 979.26,Average of 100 or more insect fragments per 10 grams,Food Defect Levels Handbook _ FDA.html,Table 0 (General Foods)
"Nutmeg, Ground",Rodent filth,AOAC 979.26,Average of 1 or more rodent hairs per 10 grams,Food Defect Levels Handbook _ FDA.html,Table 0 (General Foods)
"Nuts, Tree",Multiple Defects,MPM-V81,"Reject nuts (insect-infested, rancid, moldy, gummy, and shriveled or empty shells) as determined by macroscopic examination at or in excess of the following levels:",Food Defect Levels Handbook _ FDA.html,Table 0 (General Foods)
"Nuts, Tree",Nut Type Unshelled % Shelled % Almonds 5 5 Brazils 10 5 Cashew -- 5 Green Chestnuts 15 -- Baked Chestnuts 10 -- Dried Chestnuts -- 5 Filberts 10 5 Lichee Nuts 5 -- Pecans 10 5 Pili Nuts 15 10 Pistachios 10 5 Walnuts 10 5,,Nut Type Unshelled % Shelled % Almonds 5 5 Brazils 10 5 Cashew -- 5 Green Chestnuts 15 -- Baked Chestnuts 10 -- Dried Chestnuts -- 5 Filberts 10 5 Lichee Nuts 5 -- Pecans 10 5 Pili Nuts 15 10 Pistachios 10 5 Walnuts 10 5,Food Defect Levels Handbook _ FDA.html,Table 0 (General Foods)
"Nuts, Tree",Nut Type,,Unshelled %,Food Defect Levels Handbook _ FDA.html,Table 0 (General Foods)
Almonds,5,,5,Food Defect Levels Handbook _ FDA.html,Table 0 (General Foods)
Brazils,10,,5,Food Defect Levels Handbook _ FDA.html,Table 0 (General Foods)
Cashew,--,,5,Food Defect Levels Handbook _ FDA.html,Table 0 (General Foods)
Green Chestnuts,15,,--,Food Defect Levels Handbook _ FDA.html,Table 0 (General Foods)
Baked Chestnuts,10,,--,Food Defect Levels Handbook _ FDA.html,Table 0 (General Foods)
Dried Chestnuts,--,,5,Food Defect Levels Handbook _ FDA.html,Table 0 (General Foods)
Filberts,10,,5,Food Defect Levels Handbook _ FDA.html,Table 0 (General Foods)
Lichee Nuts,5,,--,Food Defect Levels Handbook _ FDA.html,Table 0 (General Foods)
Pecans,10,,5,Food Defect Levels Handbook _ FDA.html,Table 0 (General Foods)
Pili Nuts,15,,10,Food Defect Levels Handbook _ FDA.html,Table 0 (General Foods)
Pistachios,10,,5,Food Defect Levels Handbook _ FDA.html,Table 0 (General Foods)
Walnuts,10,,5,Food Defect Levels Handbook _ FDA.html,Table 0 (General Foods)
Pitted olives,Pits,MPM-V67,Average of 1.3 percent or more by count of olives with whole pits and/or pit fragments 2 mm or longer measured in the longest dimension,Food Defect Levels Handbook _ FDA.html,Table 0 (General Foods)
Imported Green olives,Insect damage,MPM-V67,7% or more olives by count showing damage by olive fruit fly,Food Defect Levels Handbook _ FDA.html,Table 0 (General Foods)
Salad olives,Pits,MPM-V67,Average of 1.3 or more olives by count of olives with whole pits and/or pit fragments 2 mm or longer measured in the longest dimension,Food Defect Levels Handbook _ FDA.html,Table 0 (General Foods)
Salad olives,Insect damage,MPM-V67,9% or more olives by weight showing damage by olive fruit fly,Food Defect Levels Handbook _ FDA.html,Table 0 (General Foods)
Salt-cured olives,Insects,MPM-V67,Average of 10% or more olives by count with 10 or more scale insects each,Food Defect Levels Handbook _ FDA.html,Table 0 (General Foods)
Salt-cured olives,Mold,MPM-V67,Average of 25% or more olives by count are moldy,Food Defect Levels Handbook _ FDA.html,Table 0 (General Foods)
Imported Black olives,Insect damage,MPM-V67,10% or more olives by count showing damage by olive fruit fly,Food Defect Levels Handbook _ FDA.html,Table 0 (General Foods)
"Oregano, Whole Plant, Unprocessed",Insect filth and/or mold weight,MPM-V32,Average of 5% or more insect infested and/or moldy pieces by weight,Food Defect Levels Handbook _ FDA.html,Table 0 (General Foods)
"Oregano, Whole Plant, Unprocessed",Mammalian excreta,MPM-V32,Average of 1 mg or more mammalian excreta per pound,Food Defect Levels Handbook _ FDA.html,Table 0 (General Foods)
"Oregano, Ground",Insect filth,AOAC 975.49,Average of 1250 or more insect fragments per 10 grams,Food Defect Levels Handbook _ FDA.html,Table 0 (General Foods)
"Oregano, Ground",Rodent filth,AOAC 975.49,Average of 5 or more rodent hairs per 10 grams,Food Defect Levels Handbook _ FDA.html,Table 0 (General Foods)
"Oregano, Crushed",Insect filth,AOAC 969.44,Average of 300 or more insect fragments per 10 grams,Food Defect Levels Handbook _ FDA.html,Table 0 (General Foods)
"Oregano, Crushed",Rodent filth,AOAC 969.44,Average of 2 or more rodent hairs per 10 grams,Food Defect Levels Handbook _ FDA.html,Table 0 (General Foods)
"Peaches, Canned and Frozen",Mold/Insect damage,MPM-V51,Average of 3% or more fruit by count are wormy or moldy,Food Defect Levels Handbook _ FDA.html,Table 0 (General Foods)
"Peaches, Canned and Frozen",Insects,MPM-V51,"In 12 1-pound cans or equivalent, one or more larvae and/or larval fragments whose aggregate length exceeds 5 mm",Food Defect Levels Handbook _ FDA.html,Table 0 (General Foods)
Peanut Butter,Insect filth,AOAC 968.35,Average of 30 or more insect fragments per 100 grams,Food Defect Levels Handbook _ FDA.html,Table 0 (General Foods)
Peanut Butter,Rodent filth,AOAC 968.35,Average of 1 or more rodent hairs per 100 grams,Food Defect Levels Handbook _ FDA.html,Table 0 (General Foods)
Peanut Butter,Grit,AOAC 968.35,Gritty taste and water insoluble inorganic residue is more than 25 mg per 100 grams,Food Defect Levels Handbook _ FDA.html,Table 0 (General Foods)
"Peanuts, Shelled",Multiple defects,MPM-V89,"Average of 5% or more kernels by count are rejects (insect-infested, moldy, rancid, otherwise decomposed, and dirty)",Food Defect Levels Handbook _ FDA.html,Table 0 (General Foods)
"Peanuts, Shelled",Insects,MPM-V89,Average of 20 or more whole insects or equivalent in 100-pound bag siftings,Food Defect Levels Handbook _ FDA.html,Table 0 (General Foods)
"Peanuts, Unshelled",Multiple defects,MPM-V89,"Average of 10% or more peanuts by count are rejects (insect- infested, moldy, rancid, otherwise decomposed, and dirty)",Food Defect Levels Handbook _ FDA.html,Table 0 (General Foods)
"Peas: Black-Eyed, Cowpeas, Field Peas, Dried",Insect damage,MPM-V104,Average of 10% or more by count of class 6 damage or higher in minimum of 12 subsamples,Food Defect Levels Handbook _ FDA.html,Table 0 (General Foods)
"Peas, Black-Eyed Peas, Cowpeas, (Succulent), Canned",Insect larvae,MPM-V104,Average of 5 or more cowpea curculio larvae or the equivalent per No. 2 can,Food Defect Levels Handbook _ FDA.html,Table 0 (General Foods)
"Peas and Beans, Dried",Insect filth,MPM-V104,Average of 5% or more by count insect-infested and/or insect-damaged by storage insects in a minimum of 12 subsamples,Food Defect Levels Handbook _ FDA.html,Table 0 (General Foods)
"Pepper, Whole (Black & White)",Insect filth and/or insect-mold,MPM-V39,Average of 1% or more pieces by weight are infested and/or moldy,Food Defect Levels Handbook _ FDA.html,Table 0 (General Foods)
"Pepper, Whole (Black & White)",Mammalian excreta,MPM-V39,Average of 1 mg or more mammalian excreta per pound,Food Defect Levels Handbook _ FDA.html,Table 0 (General Foods)
"Pepper, Whole (Black & White)",Foreign matter,MPM-V39,Average of 1% or more pickings and siftings by weight,Food Defect Levels Handbook _ FDA.html,Table 0 (General Foods)
"Pepper, Ground",Insect filth,AOAC 972.40,Average of 475 or more insect fragments per 50 grams,Food Defect Levels Handbook _ FDA.html,Table 0 (General Foods)
"Pepper, Ground",Rodent filth,AOAC 972.40,Average of 2 or more rodent hairs per 50 grams,Food Defect Levels Handbook _ FDA.html,Table 0 (General Foods)
"Pineapple, Canned",Mold,"AOAC 970.75, MPM-V73",Average mold count is 20% or more OR The mold count of any 1 subsample is 60% or more,Food Defect Levels Handbook _ FDA.html,Table 0 (General Foods)
Pineapple Juice,Mold,AOAC 970.75,Average mold count is 15% or more OR The mold count of any 1 subsample is 40% or more,Food Defect Levels Handbook _ FDA.html,Table 0 (General Foods)
"Plums, Canned",Rot,MPM-V51,Average of 5% or more plums by count with rot spots larger than the area of a circle 12 mm in diameter,Food Defect Levels Handbook _ FDA.html,Table 0 (General Foods)
Popcorn,Rodent filth,AOAC 950.91,"1 or more rodent excreta pellets are found in 1 or more subsamples, and 1 or more rodent hairs are found in 2 or more other subsamples OR 2 or more rodent hairs per pound and rodent hair is found in 50% or more of the subsamples OR 20 or more gnawed grains per pound and rodent hair is found in 50% or more of the subsamples",Food Defect Levels Handbook _ FDA.html,Table 0 (General Foods)
Popcorn,Field corn,,5% or more by weight of field corn,Food Defect Levels Handbook _ FDA.html,Table 0 (General Foods)
Potato Chips,Rot,MPM-V113,Average of 6% or more pieces by weight contain rot,Food Defect Levels Handbook _ FDA.html,Table 0 (General Foods)
"Prunes Dried and Dehydrated, Low-Moisture",Multiple defects,MPM-V53,"Average of a minimum of 10 subsamples is 5% or more prunes by count are rejects (insect-infested, moldy or decomposed, dirty, and/or otherwise unfit )",Food Defect Levels Handbook _ FDA.html,Table 0 (General Foods)
"Prunes, Pitted",Pits,MPM-V53,Average of 2% or more by count with whole pits and/or pit fragments 2 mm or longer and 4 or more of 10 subsamples of pitted prunes have 2% or more by count with whole pits and/or pit fragments 2 mm or longer,Food Defect Levels Handbook _ FDA.html,Table 0 (General Foods)
"Puree, Apricot, Peach and Pear",Mold,AOAC 982.33,Average mold count is 12% or more,Food Defect Levels Handbook _ FDA.html,Table 0 (General Foods)
"Raisins, Natural & Golden",Mold,MPM-V76,"Average of 10 subsamples is 5% or more, by count, moldy raisins",Food Defect Levels Handbook _ FDA.html,Table 0 (General Foods)
"Raisins, Natural & Golden",Sand and Grit,MPM-V76,Average of 40 mg or more of sand and grit per 100 grams of natural or golden bleached raisins,Food Defect Levels Handbook _ FDA.html,Table 0 (General Foods)
"Raisins, Golden",Insects and insect eggs,AOAC 969.42 & MPM-V76,10 or more whole or equivalent insects and 35 Drosophila eggs per 8 oz.,Food Defect Levels Handbook _ FDA.html,Table 0 (General Foods)
"Sage, Whole Plant, Unprocessed",Insect filth,MPM-V32,Average of 5% or more pieces by weight are insect infested,Food Defect Levels Handbook _ FDA.html,Table 0 (General Foods)
"Sage, Whole Plant, Unprocessed",Mammalian excreta,MPM-V32,Average of 1 mg or more per pound after processing,Food Defect Levels Handbook _ FDA.html,Table 0 (General Foods)
"Sage, Ground",Insect filth,AOAC 985.38,Average of 200 or more insect fragments per 10 grams,Food Defect Levels Handbook _ FDA.html,Table 0 (General Foods)
"Sage, Ground",Rodent filth,AOAC 985.38,Average of 9 or more rodent hairs per 10 grams,Food Defect Levels Handbook _ FDA.html,Table 0 (General Foods)
Sauerkraut,Insects,AOAC 955.45,Average of more than 50 thrips per 100 grams,Food Defect Levels Handbook _ FDA.html,Table 0 (General Foods)
Sesame Seeds,Insect filth,MPM-V32,Average of 5% or more seeds by weight are insect-infested or damaged,Food Defect Levels Handbook _ FDA.html,Table 0 (General Foods)
Sesame Seeds,Mold,MPM-V32,Average of 5% or more seeds by weight are decomposed,Food Defect Levels Handbook _ FDA.html,Table 0 (General Foods)
Sesame Seeds,Mammalian excreta,MPM-V32,Average of 5 mg or more mammalian excreta per found,Food Defect Levels Handbook _ FDA.html,Table 0 (General Foods)
Sesame Seeds,Foreign matter,MPM-V32,Average of 0.5% or more foreign matter by weight,Food Defect Levels Handbook _ FDA.html,Table 0 (General Foods)
"Spices, Leafy, Other Than Bay Leaves",Insect filth and/or mold,MPM-V32,Average of 5% or more pieces by weight are insect-infested and/or moldy,Food Defect Levels Handbook _ FDA.html,Table 0 (General Foods)
"Spices, Leafy, Other Than Bay Leaves",Mammalian excreta,MPM-V32,Average of 1 mg or more of Mammalian excreta per pound after processing,Food Defect Levels Handbook _ FDA.html,Table 0 (General Foods)
"Spinach, Canned or Frozen",Insects and mites,AOAC 974.33,"Average of 50 or more aphids, thrips and/or mites per 100 grams OR 2 or more 3 mm or longer larvae and/or larval fragments or spinach worms (caterpillars) whose aggregate length exceeds 12 mm are present in 24 pounds OR Leaf miners of any size average 8 or more per 100 grams or leaf miners 3 mm or longer average 4 or more per 100 grams",Food Defect Levels Handbook _ FDA.html,Table 0 (General Foods)
Strawberries: Frozen Whole or Sliced,Mold,AOAC 952.22,Average mold count of 45% or more and mold count of at least half of the subsamples is 55% or more,Food Defect Levels Handbook _ FDA.html,Table 0 (General Foods)
Strawberries: Frozen Whole or Sliced,Grit,,Berries taste gritty,Food Defect Levels Handbook _ FDA.html,Table 0 (General Foods)
"Thyme, Whole Ploant, Unprocessed",Insect filth,MPM-V32,Average of 5% or more pieces by weight are insect infested and/or moldy,Food Defect Levels Handbook _ FDA.html,Table 0 (General Foods)
"Thyme, Whole Ploant, Unprocessed",Mammalian excreta,MPM-V32,Average of 1 mg or more mammalian excreta per pound after processing,Food Defect Levels Handbook _ FDA.html,Table 0 (General Foods)
"Thyme, Ground",Insect filth,AOAC 975.49,Average of 925 or more insect fragments per 10 grams,Food Defect Levels Handbook _ FDA.html,Table 0 (General Foods)
"Thyme, Ground",Rodent filth,AOAC 975.49,Average of 2 or more rodent hairs per 10 grams,Food Defect Levels Handbook _ FDA.html,Table 0 (General Foods)
"Thyme, Unground, Processed",Insect filth,AOAC 975.49,Average of 325 insect fragments or more per 10 grams,Food Defect Levels Handbook _ FDA.html,Table 0 (General Foods)
"Thyme, Unground, Processed",Rodent filth,AOAC 975.49,Average of 2 rodent hairs or more per 10 grams,Food Defect Levels Handbook _ FDA.html,Table 0 (General Foods)
"Tomatoes, Canned",Drosophila fly,AOAC 955.46,Average of 10 or more fly eggs per 500 grams OR 5 or more fly eggs and 1 or more maggots per 500 grams OR 2 or more maggots per 500 grams,Food Defect Levels Handbook _ FDA.html,Table 0 (General Foods)
"Tomatoes, Canned, with (or) without Juice (Based on Drained Juice)",Mold,AOAC 945.90,Average mold count in 6 subsamples is 15% or more and the counts of all of the subsamples are more than 12%,Food Defect Levels Handbook _ FDA.html,Table 0 (General Foods)
"Tomatoes, Canned Packed in Tomato Puree (Based on Drained Liquid)",Mold,AOAC 945.90,Average mold count in 6 subsamples is 29% or more and the counts of all of the subsamples are more than 25%,Food Defect Levels Handbook _ FDA.html,Table 0 (General Foods)
Tomato Juice,Drosophila fly,AOAC 955.46,"Average of 10 or more fly eggs per 100 grams OR 5 or more fly eggs and 1 or more maggots per 100 grams OR 2 or more maggots per 100 grams, in a minimum of 12 subsamples",Food Defect Levels Handbook _ FDA.html,Table 0 (General Foods)
Tomato Juice,Mold,AOAC 965.41,Average mold count in 6 subsamples is 24% or more and the counts of all of the subsamples are more than 20%,Food Defect Levels Handbook _ FDA.html,Table 0 (General Foods)
"Tomato Paste, Pizza and other Sauces",Drosophila fly,AOAC 955.46,Average of 30 or more fly eggs per 100 grams OR 15 or more fly eggs and 1 or more maggots per 100 grams OR 2 or more maggots per 100 grams in a minimum of 12 subsamples,Food Defect Levels Handbook _ FDA.html,Table 0 (General Foods)
Tomato Puree,Drosophila fly,AOAC 955.46,Average of 20 or more fly eggs per 100 grams OR 10 or more fly eggs and 1 or more maggots per 100 grams OR 2 or more maggots per 100 grams in a minimum of 12 subsamples,Food Defect Levels Handbook _ FDA.html,Table 0 (General Foods)
Tomato Paste (or) Puree,Mold,AOAC 965.41 **,Average mold count in 6 subsamples is 45% or more and the mold counts of all of the subsamples are more than 40%,Food Defect Levels Handbook _ FDA.html,Table 0 (General Foods)
Pizza and Other Tomato Sauces,Mold,AOAC 945.92,Average mold count in 6 subsamples is 34% or more and the counts of all of the subsamples are more than 30%,Food Defect Levels Handbook _ FDA.html,Table 0 (General Foods)
"Tomato Sauce, Undiluted",Mold,AOAC 965.41,Average mold count in 6 subsamples is 45% or more and the mold counts of all of the subsamples are more than 40%,Food Defect Levels Handbook _ FDA.html,Table 0 (General Foods)
Tomato Catsup,Mold,AOAC 965.41,Average mold count in 6 subsamples is 55% or more,Food Defect Levels Handbook _ FDA.html,Table 0 (General Foods)
"Tomato Powder, Except Spray-Dried",Mold,AOAC 972.42,Average mold count in 6 subsamples is 45% or more and the mold counts of all of the subsamples are mold than 40%,Food Defect Levels Handbook _ FDA.html,Table 0 (General Foods)
"Tomato Powder, Spray-Dried",Mold,AOAC 972.42,Average mold count in 6 subsamples is 67% or more,Food Defect Levels Handbook _ FDA.html,Table 0 (General Foods)
Tomato Soup and Tomato Prouducts,Mold,AOAC 945.91,Average mold count in 6 subsamples is 45% or more and the mold counts of all of the subsamples are more than 40%,Food Defect Levels Handbook _ FDA.html,Table 0 (General Foods)
Wheat,Insect damage,MPM-V15,Average of 32 or more insect-damaged kernels per 100 grams,Food Defect Levels Handbook _ FDA.html,Table 0 (General Foods)
Wheat,Rodent filth,MPM-V15,Average of 9 mg or more rodent excreta pellets and/or pellet fragments per kilogram,Food Defect Levels Handbook _ FDA.html,Table 0 (General Foods)
Wheat Flour,Insect filth,AOAC 972.32,Average of 75 or more insect fragments per 50 grams,Food Defect Levels Handbook _ FDA.html,Table 0 (General Foods)
Wheat Flour,Rodent filth,AOAC 972.32,Average of 1 or more rodent hairs per 50 grams,Food Defect Levels Handbook _ FDA.html,Table 0 (General Foods)
