CHARGE_CODE,OCCURRENCE_COUNT,MATCH_STATUS,ASC_ID,CHRG_CODE,CHRG_STMNT_TEXT,SCTN_NAME
482,9659,UNMATCHED,UNMATCHED_IN_REFERENCE,UNMATCHED_IN_REFERENCE,UNMATCHED_IN_REFERENCE,UNMATCHED_IN_REFERENCE
249,9167,UNMATCHED,UNMATCHED_IN_REFERENCE,UNMATCHED_IN_REFERENCE,UNMATCHED_IN_REFERENCE,UNMATCHED_IN_REFERENCE
11,7827,UNMATCHED,UNMATCHED_IN_REFERENCE,UNMATCHED_IN_REFERENCE,UNMATCHED_IN_REFERENCE,UNMATCHED_IN_REFERENCE
324,7198,UNMATCHED,UNMATCHED_IN_REFERENCE,UNMATCHED_IN_REFERENCE,UNMATCHED_IN_REFERENCE,UNMATCHED_IN_REFERENCE
241,6369,UNMATCHED,UNMATCHED_IN_REFERENCE,UNMATCHED_IN_REFERENCE,UNMATCHED_IN_REFERENCE,UNMATCHED_IN_REFERENCE
274,5975,UNMATCHED,UNMATCHED_IN_REFERENCE,UNMATCHED_IN_REFERENCE,UNMATCHED_IN_REFERENCE,UNMATCHED_IN_REFERENCE
9,5235,UNMATCHED,UNMATCHED_IN_REFERENCE,UNMATCHED_IN_REFERENCE,UNMATCHED_IN_REFERENCE,UNMATCHED_IN_REFERENCE
75,4718,UNMATCHED,UNMATCHED_IN_REFERENCE,UNMATCHED_IN_REFERENCE,UNMATCHED_IN_REFERENCE,UNMATCHED_IN_REFERENCE
218,4605,UNMATCHED,UNMATCHED_IN_REFERENCE,UNMATCHED_IN_REFERENCE,UNMATCHED_IN_REFERENCE,UNMATCHED_IN_REFERENCE
321,4309,UNMATCHED,UNMATCHED_IN_REFERENCE,UNMATCHED_IN_REFERENCE,UNMATCHED_IN_REFERENCE,UNMATCHED_IN_REFERENCE
3886,2818,UNMATCHED,UNMATCHED_IN_REFERENCE,UNMATCHED_IN_REFERENCE,UNMATCHED_IN_REFERENCE,UNMATCHED_IN_REFERENCE
308,2791,UNMATCHED,UNMATCHED_IN_REFERENCE,UNMATCHED_IN_REFERENCE,UNMATCHED_IN_REFERENCE,UNMATCHED_IN_REFERENCE
3821,2596,UNMATCHED,UNMATCHED_IN_REFERENCE,UNMATCHED_IN_REFERENCE,UNMATCHED_IN_REFERENCE,UNMATCHED_IN_REFERENCE
83,2404,UNMATCHED,UNMATCHED_IN_REFERENCE,UNMATCHED_IN_REFERENCE,UNMATCHED_IN_REFERENCE,UNMATCHED_IN_REFERENCE
473,2303,UNMATCHED,UNMATCHED_IN_REFERENCE,UNMATCHED_IN_REFERENCE,UNMATCHED_IN_REFERENCE,UNMATCHED_IN_REFERENCE
320,2223,UNMATCHED,UNMATCHED_IN_REFERENCE,UNMATCHED_IN_REFERENCE,UNMATCHED_IN_REFERENCE,UNMATCHED_IN_REFERENCE
251,2199,UNMATCHED,UNMATCHED_IN_REFERENCE,UNMATCHED_IN_REFERENCE,UNMATCHED_IN_REFERENCE,UNMATCHED_IN_REFERENCE
256,2047,UNMATCHED,UNMATCHED_IN_REFERENCE,UNMATCHED_IN_REFERENCE,UNMATCHED_IN_REFERENCE,UNMATCHED_IN_REFERENCE
260,1946,UNMATCHED,UNMATCHED_IN_REFERENCE,UNMATCHED_IN_REFERENCE,UNMATCHED_IN_REFERENCE,UNMATCHED_IN_REFERENCE
238,1934,UNMATCHED,UNMATCHED_IN_REFERENCE,UNMATCHED_IN_REFERENCE,UNMATCHED_IN_REFERENCE,UNMATCHED_IN_REFERENCE
328,1798,UNMATCHED,UNMATCHED_IN_REFERENCE,UNMATCHED_IN_REFERENCE,UNMATCHED_IN_REFERENCE,UNMATCHED_IN_REFERENCE
3421,1595,UNMATCHED,UNMATCHED_IN_REFERENCE,UNMATCHED_IN_REFERENCE,UNMATCHED_IN_REFERENCE,UNMATCHED_IN_REFERENCE
3300,1298,UNMATCHED,UNMATCHED_IN_REFERENCE,UNMATCHED_IN_REFERENCE,UNMATCHED_IN_REFERENCE,UNMATCHED_IN_REFERENCE
62,1280,UNMATCHED,UNMATCHED_IN_REFERENCE,UNMATCHED_IN_REFERENCE,UNMATCHED_IN_REFERENCE,UNMATCHED_IN_REFERENCE
2120,1008,UNMATCHED,UNMATCHED_IN_REFERENCE,UNMATCHED_IN_REFERENCE,UNMATCHED_IN_REFERENCE,UNMATCHED_IN_REFERENCE
3422,996,UNMATCHED,UNMATCHED_IN_REFERENCE,UNMATCHED_IN_REFERENCE,UNMATCHED_IN_REFERENCE,UNMATCHED_IN_REFERENCE
295,920,UNMATCHED,UNMATCHED_IN_REFERENCE,UNMATCHED_IN_REFERENCE,UNMATCHED_IN_REFERENCE,UNMATCHED_IN_REFERENCE
2300,835,UNMATCHED,UNMATCHED_IN_REFERENCE,UNMATCHED_IN_REFERENCE,UNMATCHED_IN_REFERENCE,UNMATCHED_IN_REFERENCE
3864,791,UNMATCHED,UNMATCHED_IN_REFERENCE,UNMATCHED_IN_REFERENCE,UNMATCHED_IN_REFERENCE,UNMATCHED_IN_REFERENCE
306,682,UNMATCHED,UNMATCHED_IN_REFERENCE,UNMATCHED_IN_REFERENCE,UNMATCHED_IN_REFERENCE,UNMATCHED_IN_REFERENCE
2860,678,UNMATCHED,UNMATCHED_IN_REFERENCE,UNMATCHED_IN_REFERENCE,UNMATCHED_IN_REFERENCE,UNMATCHED_IN_REFERENCE
488,507,UNMATCHED,UNMATCHED_IN_REFERENCE,UNMATCHED_IN_REFERENCE,UNMATCHED_IN_REFERENCE,UNMATCHED_IN_REFERENCE
3878,426,UNMATCHED,UNMATCHED_IN_REFERENCE,UNMATCHED_IN_REFERENCE,UNMATCHED_IN_REFERENCE,UNMATCHED_IN_REFERENCE
118,383,UNMATCHED,UNMATCHED_IN_REFERENCE,UNMATCHED_IN_REFERENCE,UNMATCHED_IN_REFERENCE,UNMATCHED_IN_REFERENCE
2360,377,UNMATCHED,UNMATCHED_IN_REFERENCE,UNMATCHED_IN_REFERENCE,UNMATCHED_IN_REFERENCE,UNMATCHED_IN_REFERENCE
3220,333,UNMATCHED,UNMATCHED_IN_REFERENCE,UNMATCHED_IN_REFERENCE,UNMATCHED_IN_REFERENCE,UNMATCHED_IN_REFERENCE
3898,317,UNMATCHED,UNMATCHED_IN_REFERENCE,UNMATCHED_IN_REFERENCE,UNMATCHED_IN_REFERENCE,UNMATCHED_IN_REFERENCE
2580,301,UNMATCHED,UNMATCHED_IN_REFERENCE,UNMATCHED_IN_REFERENCE,UNMATCHED_IN_REFERENCE,UNMATCHED_IN_REFERENCE
253,276,UNMATCHED,UNMATCHED_IN_REFERENCE,UNMATCHED_IN_REFERENCE,UNMATCHED_IN_REFERENCE,UNMATCHED_IN_REFERENCE
3280,266,UNMATCHED,UNMATCHED_IN_REFERENCE,UNMATCHED_IN_REFERENCE,UNMATCHED_IN_REFERENCE,UNMATCHED_IN_REFERENCE
276,253,UNMATCHED,UNMATCHED_IN_REFERENCE,UNMATCHED_IN_REFERENCE,UNMATCHED_IN_REFERENCE,UNMATCHED_IN_REFERENCE
64,252,UNMATCHED,UNMATCHED_IN_REFERENCE,UNMATCHED_IN_REFERENCE,UNMATCHED_IN_REFERENCE,UNMATCHED_IN_REFERENCE
3560,235,UNMATCHED,UNMATCHED_IN_REFERENCE,UNMATCHED_IN_REFERENCE,UNMATCHED_IN_REFERENCE,UNMATCHED_IN_REFERENCE
3865,234,UNMATCHED,UNMATCHED_IN_REFERENCE,UNMATCHED_IN_REFERENCE,UNMATCHED_IN_REFERENCE,UNMATCHED_IN_REFERENCE
329,229,UNMATCHED,UNMATCHED_IN_REFERENCE,UNMATCHED_IN_REFERENCE,UNMATCHED_IN_REFERENCE,UNMATCHED_IN_REFERENCE
3862,217,UNMATCHED,UNMATCHED_IN_REFERENCE,UNMATCHED_IN_REFERENCE,UNMATCHED_IN_REFERENCE,UNMATCHED_IN_REFERENCE
48,190,UNMATCHED,UNMATCHED_IN_REFERENCE,UNMATCHED_IN_REFERENCE,UNMATCHED_IN_REFERENCE,UNMATCHED_IN_REFERENCE
3400,182,UNMATCHED,UNMATCHED_IN_REFERENCE,UNMATCHED_IN_REFERENCE,UNMATCHED_IN_REFERENCE,UNMATCHED_IN_REFERENCE
2280,171,UNMATCHED,UNMATCHED_IN_REFERENCE,UNMATCHED_IN_REFERENCE,UNMATCHED_IN_REFERENCE,UNMATCHED_IN_REFERENCE
2040,155,UNMATCHED,UNMATCHED_IN_REFERENCE,UNMATCHED_IN_REFERENCE,UNMATCHED_IN_REFERENCE,UNMATCHED_IN_REFERENCE
3600,138,UNMATCHED,UNMATCHED_IN_REFERENCE,UNMATCHED_IN_REFERENCE,UNMATCHED_IN_REFERENCE,UNMATCHED_IN_REFERENCE
258,138,UNMATCHED,UNMATCHED_IN_REFERENCE,UNMATCHED_IN_REFERENCE,UNMATCHED_IN_REFERENCE,UNMATCHED_IN_REFERENCE
472,135,UNMATCHED,UNMATCHED_IN_REFERENCE,UNMATCHED_IN_REFERENCE,UNMATCHED_IN_REFERENCE,UNMATCHED_IN_REFERENCE
325,131,UNMATCHED,UNMATCHED_IN_REFERENCE,UNMATCHED_IN_REFERENCE,UNMATCHED_IN_REFERENCE,UNMATCHED_IN_REFERENCE
157,130,UNMATCHED,UNMATCHED_IN_REFERENCE,UNMATCHED_IN_REFERENCE,UNMATCHED_IN_REFERENCE,UNMATCHED_IN_REFERENCE
3846,129,UNMATCHED,UNMATCHED_IN_REFERENCE,UNMATCHED_IN_REFERENCE,UNMATCHED_IN_REFERENCE,UNMATCHED_IN_REFERENCE
3863,119,UNMATCHED,UNMATCHED_IN_REFERENCE,UNMATCHED_IN_REFERENCE,UNMATCHED_IN_REFERENCE,UNMATCHED_IN_REFERENCE
3260,98,UNMATCHED,UNMATCHED_IN_REFERENCE,UNMATCHED_IN_REFERENCE,UNMATCHED_IN_REFERENCE,UNMATCHED_IN_REFERENCE
309,90,UNMATCHED,UNMATCHED_IN_REFERENCE,UNMATCHED_IN_REFERENCE,UNMATCHED_IN_REFERENCE,UNMATCHED_IN_REFERENCE
2640,86,UNMATCHED,UNMATCHED_IN_REFERENCE,UNMATCHED_IN_REFERENCE,UNMATCHED_IN_REFERENCE,UNMATCHED_IN_REFERENCE
297,81,UNMATCHED,UNMATCHED_IN_REFERENCE,UNMATCHED_IN_REFERENCE,UNMATCHED_IN_REFERENCE,UNMATCHED_IN_REFERENCE
16,78,UNMATCHED,UNMATCHED_IN_REFERENCE,UNMATCHED_IN_REFERENCE,UNMATCHED_IN_REFERENCE,UNMATCHED_IN_REFERENCE
330,78,UNMATCHED,UNMATCHED_IN_REFERENCE,UNMATCHED_IN_REFERENCE,UNMATCHED_IN_REFERENCE,UNMATCHED_IN_REFERENCE
3910,75,UNMATCHED,UNMATCHED_IN_REFERENCE,UNMATCHED_IN_REFERENCE,UNMATCHED_IN_REFERENCE,UNMATCHED_IN_REFERENCE
315,67,UNMATCHED,UNMATCHED_IN_REFERENCE,UNMATCHED_IN_REFERENCE,UNMATCHED_IN_REFERENCE,UNMATCHED_IN_REFERENCE
72,56,UNMATCHED,UNMATCHED_IN_REFERENCE,UNMATCHED_IN_REFERENCE,UNMATCHED_IN_REFERENCE,UNMATCHED_IN_REFERENCE
2160,56,UNMATCHED,UNMATCHED_IN_REFERENCE,UNMATCHED_IN_REFERENCE,UNMATCHED_IN_REFERENCE,UNMATCHED_IN_REFERENCE
3897,56,UNMATCHED,UNMATCHED_IN_REFERENCE,UNMATCHED_IN_REFERENCE,UNMATCHED_IN_REFERENCE,UNMATCHED_IN_REFERENCE
2000,55,UNMATCHED,UNMATCHED_IN_REFERENCE,UNMATCHED_IN_REFERENCE,UNMATCHED_IN_REFERENCE,UNMATCHED_IN_REFERENCE
265,53,UNMATCHED,UNMATCHED_IN_REFERENCE,UNMATCHED_IN_REFERENCE,UNMATCHED_IN_REFERENCE,UNMATCHED_IN_REFERENCE
3844,47,UNMATCHED,UNMATCHED_IN_REFERENCE,UNMATCHED_IN_REFERENCE,UNMATCHED_IN_REFERENCE,UNMATCHED_IN_REFERENCE
2420,47,UNMATCHED,UNMATCHED_IN_REFERENCE,UNMATCHED_IN_REFERENCE,UNMATCHED_IN_REFERENCE,UNMATCHED_IN_REFERENCE
2461,47,UNMATCHED,UNMATCHED_IN_REFERENCE,UNMATCHED_IN_REFERENCE,UNMATCHED_IN_REFERENCE,UNMATCHED_IN_REFERENCE
3885,45,UNMATCHED,UNMATCHED_IN_REFERENCE,UNMATCHED_IN_REFERENCE,UNMATCHED_IN_REFERENCE,UNMATCHED_IN_REFERENCE
3140,43,UNMATCHED,UNMATCHED_IN_REFERENCE,UNMATCHED_IN_REFERENCE,UNMATCHED_IN_REFERENCE,UNMATCHED_IN_REFERENCE
254,42,UNMATCHED,UNMATCHED_IN_REFERENCE,UNMATCHED_IN_REFERENCE,UNMATCHED_IN_REFERENCE,UNMATCHED_IN_REFERENCE
3900,42,UNMATCHED,UNMATCHED_IN_REFERENCE,UNMATCHED_IN_REFERENCE,UNMATCHED_IN_REFERENCE,UNMATCHED_IN_REFERENCE
3841,38,UNMATCHED,UNMATCHED_IN_REFERENCE,UNMATCHED_IN_REFERENCE,UNMATCHED_IN_REFERENCE,UNMATCHED_IN_REFERENCE
319,36,UNMATCHED,UNMATCHED_IN_REFERENCE,UNMATCHED_IN_REFERENCE,UNMATCHED_IN_REFERENCE,UNMATCHED_IN_REFERENCE
262,35,UNMATCHED,UNMATCHED_IN_REFERENCE,UNMATCHED_IN_REFERENCE,UNMATCHED_IN_REFERENCE,UNMATCHED_IN_REFERENCE
27,34,UNMATCHED,UNMATCHED_IN_REFERENCE,UNMATCHED_IN_REFERENCE,UNMATCHED_IN_REFERENCE,UNMATCHED_IN_REFERENCE
181,34,UNMATCHED,UNMATCHED_IN_REFERENCE,UNMATCHED_IN_REFERENCE,UNMATCHED_IN_REFERENCE,UNMATCHED_IN_REFERENCE
2900,32,UNMATCHED,UNMATCHED_IN_REFERENCE,UNMATCHED_IN_REFERENCE,UNMATCHED_IN_REFERENCE,UNMATCHED_IN_REFERENCE
3641,32,UNMATCHED,UNMATCHED_IN_REFERENCE,UNMATCHED_IN_REFERENCE,UNMATCHED_IN_REFERENCE,UNMATCHED_IN_REFERENCE
55,30,UNMATCHED,UNMATCHED_IN_REFERENCE,UNMATCHED_IN_REFERENCE,UNMATCHED_IN_REFERENCE,UNMATCHED_IN_REFERENCE
3320,24,UNMATCHED,UNMATCHED_IN_REFERENCE,UNMATCHED_IN_REFERENCE,UNMATCHED_IN_REFERENCE,UNMATCHED_IN_REFERENCE
281,24,UNMATCHED,UNMATCHED_IN_REFERENCE,UNMATCHED_IN_REFERENCE,UNMATCHED_IN_REFERENCE,UNMATCHED_IN_REFERENCE
3701,24,UNMATCHED,UNMATCHED_IN_REFERENCE,UNMATCHED_IN_REFERENCE,UNMATCHED_IN_REFERENCE,UNMATCHED_IN_REFERENCE
3361,23,UNMATCHED,UNMATCHED_IN_REFERENCE,UNMATCHED_IN_REFERENCE,UNMATCHED_IN_REFERENCE,UNMATCHED_IN_REFERENCE
336,23,UNMATCHED,UNMATCHED_IN_REFERENCE,UNMATCHED_IN_REFERENCE,UNMATCHED_IN_REFERENCE,UNMATCHED_IN_REFERENCE
3887,22,UNMATCHED,UNMATCHED_IN_REFERENCE,UNMATCHED_IN_REFERENCE,UNMATCHED_IN_REFERENCE,UNMATCHED_IN_REFERENCE
255,22,UNMATCHED,UNMATCHED_IN_REFERENCE,UNMATCHED_IN_REFERENCE,UNMATCHED_IN_REFERENCE,UNMATCHED_IN_REFERENCE
3460,22,UNMATCHED,UNMATCHED_IN_REFERENCE,UNMATCHED_IN_REFERENCE,UNMATCHED_IN_REFERENCE,UNMATCHED_IN_REFERENCE
3362,18,UNMATCHED,UNMATCHED_IN_REFERENCE,UNMATCHED_IN_REFERENCE,UNMATCHED_IN_REFERENCE,UNMATCHED_IN_REFERENCE
223,17,UNMATCHED,UNMATCHED_IN_REFERENCE,UNMATCHED_IN_REFERENCE,UNMATCHED_IN_REFERENCE,UNMATCHED_IN_REFERENCE
335,17,UNMATCHED,UNMATCHED_IN_REFERENCE,UNMATCHED_IN_REFERENCE,UNMATCHED_IN_REFERENCE,UNMATCHED_IN_REFERENCE
186,14,UNMATCHED,UNMATCHED_IN_REFERENCE,UNMATCHED_IN_REFERENCE,UNMATCHED_IN_REFERENCE,UNMATCHED_IN_REFERENCE
3621,14,UNMATCHED,UNMATCHED_IN_REFERENCE,UNMATCHED_IN_REFERENCE,UNMATCHED_IN_REFERENCE,UNMATCHED_IN_REFERENCE
198,13,UNMATCHED,UNMATCHED_IN_REFERENCE,UNMATCHED_IN_REFERENCE,UNMATCHED_IN_REFERENCE,UNMATCHED_IN_REFERENCE
318,10,UNMATCHED,UNMATCHED_IN_REFERENCE,UNMATCHED_IN_REFERENCE,UNMATCHED_IN_REFERENCE,UNMATCHED_IN_REFERENCE
299,10,UNMATCHED,UNMATCHED_IN_REFERENCE,UNMATCHED_IN_REFERENCE,UNMATCHED_IN_REFERENCE,UNMATCHED_IN_REFERENCE
245,9,UNMATCHED,UNMATCHED_IN_REFERENCE,UNMATCHED_IN_REFERENCE,UNMATCHED_IN_REFERENCE,UNMATCHED_IN_REFERENCE
333,9,UNMATCHED,UNMATCHED_IN_REFERENCE,UNMATCHED_IN_REFERENCE,UNMATCHED_IN_REFERENCE,UNMATCHED_IN_REFERENCE
2080,9,UNMATCHED,UNMATCHED_IN_REFERENCE,UNMATCHED_IN_REFERENCE,UNMATCHED_IN_REFERENCE,UNMATCHED_IN_REFERENCE
152,8,UNMATCHED,UNMATCHED_IN_REFERENCE,UNMATCHED_IN_REFERENCE,UNMATCHED_IN_REFERENCE,UNMATCHED_IN_REFERENCE
3480,8,UNMATCHED,UNMATCHED_IN_REFERENCE,UNMATCHED_IN_REFERENCE,UNMATCHED_IN_REFERENCE,UNMATCHED_IN_REFERENCE
471,8,UNMATCHED,UNMATCHED_IN_REFERENCE,UNMATCHED_IN_REFERENCE,UNMATCHED_IN_REFERENCE,UNMATCHED_IN_REFERENCE
310,7,UNMATCHED,UNMATCHED_IN_REFERENCE,UNMATCHED_IN_REFERENCE,UNMATCHED_IN_REFERENCE,UNMATCHED_IN_REFERENCE
3120,7,UNMATCHED,UNMATCHED_IN_REFERENCE,UNMATCHED_IN_REFERENCE,UNMATCHED_IN_REFERENCE,UNMATCHED_IN_REFERENCE
312,6,UNMATCHED,UNMATCHED_IN_REFERENCE,UNMATCHED_IN_REFERENCE,UNMATCHED_IN_REFERENCE,UNMATCHED_IN_REFERENCE
3901,6,UNMATCHED,UNMATCHED_IN_REFERENCE,UNMATCHED_IN_REFERENCE,UNMATCHED_IN_REFERENCE,UNMATCHED_IN_REFERENCE
2460,6,UNMATCHED,UNMATCHED_IN_REFERENCE,UNMATCHED_IN_REFERENCE,UNMATCHED_IN_REFERENCE,UNMATCHED_IN_REFERENCE
2981,6,UNMATCHED,UNMATCHED_IN_REFERENCE,UNMATCHED_IN_REFERENCE,UNMATCHED_IN_REFERENCE,UNMATCHED_IN_REFERENCE
280,6,UNMATCHED,UNMATCHED_IN_REFERENCE,UNMATCHED_IN_REFERENCE,UNMATCHED_IN_REFERENCE,UNMATCHED_IN_REFERENCE
337,5,UNMATCHED,UNMATCHED_IN_REFERENCE,UNMATCHED_IN_REFERENCE,UNMATCHED_IN_REFERENCE,UNMATCHED_IN_REFERENCE
197,5,UNMATCHED,UNMATCHED_IN_REFERENCE,UNMATCHED_IN_REFERENCE,UNMATCHED_IN_REFERENCE,UNMATCHED_IN_REFERENCE
3872,5,UNMATCHED,UNMATCHED_IN_REFERENCE,UNMATCHED_IN_REFERENCE,UNMATCHED_IN_REFERENCE,UNMATCHED_IN_REFERENCE
82,4,UNMATCHED,UNMATCHED_IN_REFERENCE,UNMATCHED_IN_REFERENCE,UNMATCHED_IN_REFERENCE,UNMATCHED_IN_REFERENCE
483,4,UNMATCHED,UNMATCHED_IN_REFERENCE,UNMATCHED_IN_REFERENCE,UNMATCHED_IN_REFERENCE,UNMATCHED_IN_REFERENCE
3240,4,UNMATCHED,UNMATCHED_IN_REFERENCE,UNMATCHED_IN_REFERENCE,UNMATCHED_IN_REFERENCE,UNMATCHED_IN_REFERENCE
3881,4,UNMATCHED,UNMATCHED_IN_REFERENCE,UNMATCHED_IN_REFERENCE,UNMATCHED_IN_REFERENCE,UNMATCHED_IN_REFERENCE
3873,4,UNMATCHED,UNMATCHED_IN_REFERENCE,UNMATCHED_IN_REFERENCE,UNMATCHED_IN_REFERENCE,UNMATCHED_IN_REFERENCE
2200,4,UNMATCHED,UNMATCHED_IN_REFERENCE,UNMATCHED_IN_REFERENCE,UNMATCHED_IN_REFERENCE,UNMATCHED_IN_REFERENCE
2720,3,UNMATCHED,UNMATCHED_IN_REFERENCE,UNMATCHED_IN_REFERENCE,UNMATCHED_IN_REFERENCE,UNMATCHED_IN_REFERENCE
171,3,UNMATCHED,UNMATCHED_IN_REFERENCE,UNMATCHED_IN_REFERENCE,UNMATCHED_IN_REFERENCE,UNMATCHED_IN_REFERENCE
2940,3,UNMATCHED,UNMATCHED_IN_REFERENCE,UNMATCHED_IN_REFERENCE,UNMATCHED_IN_REFERENCE,UNMATCHED_IN_REFERENCE
2020,3,UNMATCHED,UNMATCHED_IN_REFERENCE,UNMATCHED_IN_REFERENCE,UNMATCHED_IN_REFERENCE,UNMATCHED_IN_REFERENCE
170,2,UNMATCHED,UNMATCHED_IN_REFERENCE,UNMATCHED_IN_REFERENCE,UNMATCHED_IN_REFERENCE,UNMATCHED_IN_REFERENCE
3040,2,UNMATCHED,UNMATCHED_IN_REFERENCE,UNMATCHED_IN_REFERENCE,UNMATCHED_IN_REFERENCE,UNMATCHED_IN_REFERENCE
268,2,UNMATCHED,UNMATCHED_IN_REFERENCE,UNMATCHED_IN_REFERENCE,UNMATCHED_IN_REFERENCE,UNMATCHED_IN_REFERENCE
3180,2,UNMATCHED,UNMATCHED_IN_REFERENCE,UNMATCHED_IN_REFERENCE,UNMATCHED_IN_REFERENCE,UNMATCHED_IN_REFERENCE
3903,2,UNMATCHED,UNMATCHED_IN_REFERENCE,UNMATCHED_IN_REFERENCE,UNMATCHED_IN_REFERENCE,UNMATCHED_IN_REFERENCE
173,1,UNMATCHED,UNMATCHED_IN_REFERENCE,UNMATCHED_IN_REFERENCE,UNMATCHED_IN_REFERENCE,UNMATCHED_IN_REFERENCE
2201,1,UNMATCHED,UNMATCHED_IN_REFERENCE,UNMATCHED_IN_REFERENCE,UNMATCHED_IN_REFERENCE,UNMATCHED_IN_REFERENCE
178,1,UNMATCHED,UNMATCHED_IN_REFERENCE,UNMATCHED_IN_REFERENCE,UNMATCHED_IN_REFERENCE,UNMATCHED_IN_REFERENCE
508,1,UNMATCHED,UNMATCHED_IN_REFERENCE,UNMATCHED_IN_REFERENCE,UNMATCHED_IN_REFERENCE,UNMATCHED_IN_REFERENCE
474,1,UNMATCHED,UNMATCHED_IN_REFERENCE,UNMATCHED_IN_REFERENCE,UNMATCHED_IN_REFERENCE,UNMATCHED_IN_REFERENCE
341,1,UNMATCHED,UNMATCHED_IN_REFERENCE,UNMATCHED_IN_REFERENCE,UNMATCHED_IN_REFERENCE,UNMATCHED_IN_REFERENCE
2220,1,UNMATCHED,UNMATCHED_IN_REFERENCE,UNMATCHED_IN_REFERENCE,UNMATCHED_IN_REFERENCE,UNMATCHED_IN_REFERENCE
3842,1,UNMATCHED,UNMATCHED_IN_REFERENCE,UNMATCHED_IN_REFERENCE,UNMATCHED_IN_REFERENCE,UNMATCHED_IN_REFERENCE
3866,1,UNMATCHED,UNMATCHED_IN_REFERENCE,UNMATCHED_IN_REFERENCE,UNMATCHED_IN_REFERENCE,UNMATCHED_IN_REFERENCE
3896,1,UNMATCHED,UNMATCHED_IN_REFERENCE,UNMATCHED_IN_REFERENCE,UNMATCHED_IN_REFERENCE,UNMATCHED_IN_REFERENCE
9999978,1,UNMATCHED,UNMATCHED_IN_REFERENCE,UNMATCHED_IN_REFERENCE,UNMATCHED_IN_REFERENCE,UNMATCHED_IN_REFERENCE
9999979,1,UNMATCHED,UNMATCHED_IN_REFERENCE,UNMATCHED_IN_REFERENCE,UNMATCHED_IN_REFERENCE,UNMATCHED_IN_REFERENCE
9999982,1,UNMATCHED,UNMATCHED_IN_REFERENCE,UNMATCHED_IN_REFERENCE,UNMATCHED_IN_REFERENCE,UNMATCHED_IN_REFERENCE
9999985,1,UNMATCHED,UNMATCHED_IN_REFERENCE,UNMATCHED_IN_REFERENCE,UNMATCHED_IN_REFERENCE,UNMATCHED_IN_REFERENCE
