NUT_TYPE,UNSHELLED_PERCENT,SHELLED_PERCENT,SOURCE_DOCUMENT,SOURCE_TABLE
Almonds,5,5,Food Defect Levels Handbook _ FDA.html,Table 1 (Tree Nuts)
Brazils,10,5,Food Defect Levels Handbook _ FDA.html,Table 1 (Tree Nuts)
Cashew,--,5,Food Defect Levels Handbook _ FDA.html,Table 1 (Tree Nuts)
Green Chestnuts,15,--,Food Defect Levels Handbook _ FDA.html,Table 1 (Tree Nuts)
Baked Chestnuts,10,--,Food Defect Levels Handbook _ FDA.html,Table 1 (Tree Nuts)
Dried Chestnuts,--,5,Food Defect Levels Handbook _ FDA.html,Table 1 (Tree Nuts)
Filberts,10,5,Food Defect Levels Handbook _ FDA.html,Table 1 (Tree Nuts)
Lichee Nuts,5,--,Food Defect Levels Handbook _ FDA.html,Table 1 (Tree Nuts)
Pecans,10,5,Food Defect Levels Handbook _ FDA.html,Table 1 (Tree Nuts)
Pili Nuts,15,10,Food Defect Levels Handbook _ FDA.html,Table 1 (Tree Nuts)
Pistachios,10,5,Food Defect Levels Handbook _ FDA.html,Table 1 (Tree Nuts)
Walnuts,10,5,Food Defect Levels Handbook _ FDA.html,Table 1 (Tree Nuts)
